{"stats":{"minecraft:mined":{"securitycraft:mine":3,"minecraft:white_bed":3,"minecraft:sculk_vein":2,"minecraft:brewing_stand":3,"minecraft:obsidian":3,"minecraft:granite":18,"minecraft:grass_block":706,"minecraft:blue_concrete":14,"minecraft:spawner":4,"minecraft:tall_seagrass":1,"ironfurnaces:gold_furnace":4,"minecraft:iron_ore":38,"born_in_chaos_v1:black_argillite_brick_slab":2,"minecraft:cobbled_deepslate":9,"minecraft:fire":75,"minecraft:barrel":6,"minecraft:anvil":1,"minecraft:fletching_table":1,"minecraft:deepslate_lapis_ore":13,"minecraft:brown_bed":3,"minecraft:dirt_path":1,"minecraft:oak_stairs":1,"minecraft:iron_bars":1,"minecraft:orange_bed":6,"minecraft:deepslate_redstone_ore":16,"minecraft:blackstone":27,"minecraft:crimson_nylium":7,"ironfurnaces:iron_furnace":5,"minecraft:torch":3,"minecraft:clay":8,"iceandfire:ghost_chest":2,"minecraft:chest":9,"minecraft:nether_quartz_ore":13,"minecraft:cobblestone":54,"minecraft:sugar_cane":5,"minecraft:oak_planks":8,"minecraft:iron_door":3,"minecraft:wall_torch":2,"minecraft:skeleton_skull":10,"minecraft:blue_terracotta":2,"minecraft:warped_planks":2,"minecraft:wheat":9,"minecraft:wither_rose":4,"minecraft:grass":77,"minecraft:oak_log":8,"minecraft:sand":56,"minecraft:dirt":124,"securitycraft:sand_mine":3,"minecraft:stonecutter":1,"minecraft:netherrack":993,"minecraft:ancient_debris":1,"minecraft:deepslate":1821,"minecraft:oak_leaves":3,"minecraft:infested_deepslate":1,"minecraft:yellow_terracotta":1,"minecraft:nether_gold_ore":6,"alexscaves:spelunkery_table":1,"minecraft:tuff":96,"iceandfire:silver_ore":2,"minecraft:mossy_cobblestone":1,"minecraft:deepslate_diamond_ore":40,"minecraft:candle":4,"minecraft:glow_lichen":1,"minecraft:nether_bricks":1,"born_in_chaos_v1:black_argillite":3,"minecraft:sandstone":14,"minecraft:large_fern":2,"minecraft:redstone_ore":5,"minecraft:furnace":1,"minecraft:andesite":65,"minecraft:bookshelf":18,"minecraft:deepslate_iron_ore":18,"minecraft:vine":3,"minecraft:rail":1,"securitycraft:cobblestone_mine":1,"minecraft:bamboo":1,"minecraft:stone":1607,"sophisticatedbackpacks:backpack":1,"minecraft:smithing_table":2,"minecraft:basalt":63,"minecraft:oak_fence":3,"minecraft:crafting_table":11,"minecraft:copper_ore":1,"minecraft:tall_grass":27,"minecraft:red_glazed_terracotta":2,"born_in_chaos_v1:chipped_black_argillite_brick":1,"minecraft:lapis_ore":4,"minecraft:deepslate_gold_ore":17,"minecraft:diorite":17,"minecraft:coal_ore":105,"minecraft:gravel":14,"minecraft:yellow_concrete":5,"minecraft:cobweb":39,"minecraft:cracked_stone_bricks":1,"minecraft:terracotta":1,"minecraft:stone_bricks":7,"minecraft:mossy_stone_bricks":3,"minecraft:fern":1},"minecraft:picked_up":{"minecraft:wheat":28,"iceandfire:copper_sword":1,"minecraft:prismarine_shard":2,"securitycraft:sand_mine":3,"minecraft:smithing_table":2,"minecraft:lead":1,"minecraft:diamond_sword":1,"minecraft:oak_stairs":1,"alexscaves:cave_tablet":6,"minecraft:brown_bed":2,"minecraft:wither_rose":4,"minecraft:potion":1,"minecraft:golden_shovel":1,"minecraft:stone_brick_stairs":1,"minecraft:brewing_stand":3,"minecraft:blue_concrete":6,"born_in_chaos_v1:black_argillite":3,"iceandfire:manuscript":6,"minecraft:string":46,"mutantmonsters:mutant_skeleton_skull":1,"minecraft:iron_leggings":1,"minecraft:cobbled_deepslate":1322,"minecraft:diamond_leggings":1,"minecraft:red_sand":3,"minecraft:gold_nugget":29,"minecraft:waxed_weathered_copper":2,"hunters_return:boomerang":2,"minecraft:iron_pickaxe":8,"minecraft:furnace":1,"minecraft:iron_boots":1,"minecraft:stick":10,"iceandfire:ghost_chest":2,"apotheosis:gem":3,"minecraft:acacia_fence":1,"minecraft:oak_fence":5,"minecraft:torch":15,"minecraft:acacia_log":15,"minecraft:porkchop":22,"minecraft:cherry_log":2,"tombstone:grave_dust":3,"minecraft:diorite":30,"minecraft:warped_planks":17,"minecraft:orange_bed":6,"minecraft:stone_sword":2,"minecraft:rotten_flesh":48,"minecraft:iron_block":2,"minecraft:blaze_rod":5,"minecraft:obsidian":3,"minecraft:iron_bars":1,"minecraft:cobblestone":1037,"iceandfire:dragonscales_black":10,"minecraft:birch_log":2,"minecraft:leather_chestplate":1,"minecraft:cooked_beef":41,"minecraft:iron_door":2,"minecraft:andesite":64,"minecraft:jungle_log":1,"minecraft:dark_oak_boat":1,"paraglider:spirit_orb":10,"minecraft:flint":7,"minecraft:tuff":40,"born_in_chaos_v1:black_argillite_button":5,"minecraft:lapis_lazuli":39,"minecraft:dirt":540,"minecraft:leather_boots":1,"minecraft:bone":35,"minecraft:stonecutter":1,"minecraft:bow":9,"minecraft:wheat_seeds":60,"securitycraft:cobblestone_mine":1,"minecraft:raw_gold":17,"minecraft:bell":1,"minecraft:mossy_stone_bricks":2,"minecraft:fletching_table":1,"minecraft:bamboo":6,"minecraft:oak_planks":8,"ironfurnaces:iron_furnace":4,"securitycraft:mine":3,"ava:controller":1,"iceandfire:shiny_scales":5,"minecraft:sand":68,"mutantmonsters:mutant_skeleton_leggings":1,"iceandfire:lightning_dragon_heart":1,"minecraft:dark_oak_log":1,"minecraft:barrel":6,"minecraft:mossy_cobblestone":1,"minecraft:bundle":2,"minecraft:blue_terracotta":4,"minecraft:diamond":28,"minecraft:lever":1,"minecraft:granite":16,"minecraft:golden_apple":2,"minecraft:emerald":3,"minecraft:chainmail_helmet":1,"iceandfire:gorgon_head":1,"minecraft:oak_sapling":5,"born_in_chaos_v1:rotten_fish":1,"minecraft:netherrack":631,"iceandfire:raw_silver":2,"iceandfire:dragon_skull_lightning":2,"minecraft:crafting_table":9,"iceandfire:witherbone":5,"minecraft:chicken":1,"minecraft:clay_ball":16,"minecraft:turtle_helmet":1,"minecraft:wooden_pickaxe":2,"minecraft:chain":2,"minecraft:shield":1,"minecraft:item_frame":2,"minecraft:iron_shovel":1,"minecraft:warped_fence":3,"minecraft:cracked_stone_bricks":1,"minecraft:candle":10,"minecraft:beef":35,"minecraft:oak_boat":2,"minecraft:poppy":3,"minecraft:chest":8,"iceandfire:dragonscales_electric":8,"minecraft:sugar_cane":10,"minecraft:raw_iron":156,"minecraft:sandstone":16,"iceandfire:dragonbone":13,"iceandfire:deathworm_chitin_red":4,"sophisticatedbackpacks:backpack":1,"born_in_chaos_v1:pieceofdarkmetal":6,"iceandfire:deathworm_chitin_white":5,"minecraft:redstone":48,"minecraft:prismarine_crystals":2,"iceandfire:silver_ingot":1,"minecraft:arrow":96,"minecraft:nether_bricks":1,"ironfurnaces:gold_furnace":4,"alexscaves:spelunkery_table":1,"minecraft:yellow_terracotta":2,"born_in_chaos_v1:spiny_shell":3,"tombstone:essence_of_undeath":1,"minecraft:gold_ingot":2,"minecraft:mutton":24,"minecraft:skeleton_skull":10,"minecraft:white_wool":14,"born_in_chaos_v1:corpse_maggot":8,"minecraft:basalt":59,"born_in_chaos_v1:monster_flesh":1,"minecraft:glow_ink_sac":7,"minecraft:leather":36,"minecraft:red_glazed_terracotta":2,"minecraft:acacia_wood":1,"mutantmonsters:mutant_skeleton_chestplate":1,"minecraft:oak_log":14,"minecraft:chainmail_chestplate":1,"minecraft:ancient_debris":1,"iceandfire:ectoplasm":1,"minecraft:gunpowder":6,"enemyexpansion:scorpion_tail":1,"minecraft:white_banner":1,"minecraft:cooked_mutton":15,"minecraft:smooth_sandstone":3,"minecraft:apple":29,"minecraft:stone_bricks":8,"minecraft:iron_ingot":48,"minecraft:cobweb":8,"tombstone:bag_of_seeds":1,"relics:infinity_ham":1,"minecraft:oxidized_cut_copper":21,"minecraft:acacia_sapling":6,"minecraft:book":51,"minecraft:yellow_concrete":2,"minecraft:quartz":13,"born_in_chaos_v1:ethereal_spirit":4,"minecraft:gravel":6,"minecraft:white_bed":2,"minecraft:spider_eye":2,"minecraft:leather_helmet":3,"mutantmonsters:mutant_skeleton_boots":1,"alexscaves:cave_map":1,"minecraft:terracotta":1,"tombstone:magic_scroll":1,"minecraft:brown_banner":1,"minecraft:melon_seeds":3,"minecraft:coal":548,"minecraft:ender_pearl":3},"minecraft:crafted":{"securitycraft:mine":48,"minecraft:oak_planks":52,"ironfurnaces:iron_furnace":1,"minecraft:cooked_mutton":2,"minecraft:glass":0,"vanillaplustools:iron_hammer":1,"iceandfire:dragonbone_sword_lightning":2,"minecraft:chest":1,"minecraft:glass_bottle":3,"sophisticatedbackpacks:backpack":1,"securitycraft:sand_mine":36,"minecraft:cooked_porkchop":3,"minecraft:crafting_table":16,"iceandfire:blindfold":1,"minecraft:wooden_pickaxe":1,"minecraft:gold_block":1,"minecraft:birch_planks":4,"iceandfire:dragonbone_bow":1,"minecraft:diamond_pickaxe":9,"minecraft:shield":2,"minecraft:stick":80,"minecraft:iron_ingot":15,"minecraft:iron_pickaxe":11,"minecraft:iron_block":3,"minecraft:gold_ingot":0,"vanillaplustools:diamond_hammer":1,"ironfurnaces:gold_furnace":1,"vanillaplustools:stone_hammer":1,"minecraft:furnace":1,"minecraft:flint_and_steel":1,"minecraft:stone_pickaxe":12,"minecraft:dark_oak_planks":4,"sophisticatedbackpacks:iron_backpack":2,"minecraft:cooked_beef":3,"iceandfire:dragonbone_sword":2,"sophisticatedbackpacks:gold_backpack":2,"minecraft:bucket":1,"securitycraft:cobblestone_mine":1,"minecraft:stone_axe":1,"minecraft:jungle_planks":4,"minecraft:air":0,"securitycraft:dirt_mine":3,"minecraft:oak_boat":2,"iceandfire:bestiary":1,"minecraft:anvil":1,"minecraft:white_bed":1,"minecraft:acacia_planks":60,"minecraft:torch":4},"minecraft:killed":{"born_in_chaos_v1:zombie_clown":2,"minecraft:cave_spider":4,"minecraft:zombified_piglin":8,"minecraft:witch":1,"born_in_chaos_v1:restless_spirit":1,"born_in_chaos_v1:zombie_lumberjack":2,"born_in_chaos_v1:skeleton_demoman":1,"iceandfire:gorgon":1,"minecraft:spider":3,"born_in_chaos_v1:siamese_skeletonsright":2,"born_in_chaos_v1:scarlet_persecutor":4,"minecraft:skeleton":10,"minecraft:chicken":1,"born_in_chaos_v1:skeleton_thrasher":1,"minecraft:silverfish":6,"minecraft:skeleton_horse":1,"enemyexpansion:vampflyer":2,"minecraft:magma_cube":1,"ava:dark_blue_robot":1,"minecraft:pig":9,"born_in_chaos_v1:bone_imp":1,"hunters_return:hunter":5,"minecraft:creeper":5,"minecraft:sheep":10,"minecraft:pillager":2,"minecraft:zombie":10,"born_in_chaos_v1:dread_hound":2,"born_in_chaos_v1:corpse_fly":6,"minecraft:stray":1,"enemyexpansion:botfly":4,"iceandfire:lightning_dragon":2,"born_in_chaos_v1:siamese_skeletonsleft":2,"minecraft:blaze":10,"minecraft:cow":18,"minecraft:vindicator":1,"born_in_chaos_v1:zombie_bruiser":2,"born_in_chaos_v1:firelight":1,"born_in_chaos_v1:maggot":9,"iceandfire:siren":2,"cataclysm:lionfish":1,"born_in_chaos_v1:corpse_fish":4,"iceandfire:deathworm":4,"enemyexpansion:goblin":2,"enemyexpansion:starved":3,"cataclysm:deepling_angler":1,"ava:yellow_robot":2,"born_in_chaos_v1:fallen_chaos_knight":1,"iceandfire:cyclops":1,"born_in_chaos_v1:baby_skeleton":4,"enemyexpansion:sprinter":2,"born_in_chaos_v1:decrepit_skeleton":4,"born_in_chaos_v1:bloody_gadfly":1,"born_in_chaos_v1:decaying_zombie":1,"enemyexpansion:huntsman":1,"minecraft:wither_skeleton":8,"minecraft:villager":1},"minecraft:killed_by":{"minecraft:player":3,"minecraft:stray":4},"minecraft:broken":{"vanillaplustools:iron_hammer":1,"minecraft:iron_chestplate":1,"minecraft:iron_leggings":1,"minecraft:chainmail_boots":1,"minecraft:stone_pickaxe":3,"minecraft:chainmail_chestplate":1,"minecraft:chainmail_leggings":1,"minecraft:chainmail_helmet":2,"minecraft:shield":1,"vanillaplustools:stone_hammer":1,"minecraft:iron_pickaxe":1},"minecraft:custom":{"minecraft:interact_with_crafting_table":54,"minecraft:open_barrel":6,"minecraft:leave_game":6,"minecraft:time_since_death":0,"minecraft:damage_resisted":0,"minecraft:sprint_one_cm":779496,"minecraft:damage_blocked_by_shield":2573,"minecraft:drop":159,"minecraft:talked_to_villager":2,"minecraft:play_time":357494,"minecraft:deaths":33,"minecraft:jump":5896,"minecraft:walk_on_water_one_cm":61844,"minecraft:interact_with_furnace":51,"minecraft:sleep_in_bed":6,"minecraft:waystone_activated":3,"tombstone:sneak_grave":1,"minecraft:damage_dealt":42576,"minecraft:player_kills":2,"minecraft:crouch_one_cm":57561,"tombstone:undead_killed":70,"tombstone:villager_killed":1,"minecraft:interact_with_anvil":2,"minecraft:mob_kills":217,"minecraft:damage_dealt_resisted":3050,"minecraft:climb_one_cm":6876,"minecraft:walk_one_cm":1016355,"minecraft:damage_dealt_absorbed":150,"minecraft:sneak_time":15330,"minecraft:walk_under_water_one_cm":45080,"minecraft:boat_one_cm":369543,"minecraft:total_world_time":357494,"tombstone:raider_killed":9,"minecraft:time_since_rest":11,"minecraft:damage_taken":25801,"minecraft:damage_absorbed":120,"minecraft:trigger_trapped_chest":3,"minecraft:swim_one_cm":182917,"minecraft:fly_one_cm":1013635,"minecraft:open_chest":42,"minecraft:fall_one_cm":145786},"minecraft:used":{"minecraft:iron_shovel":879,"minecraft:chest":4,"minecraft:shield":51,"minecraft:iron_sword":291,"minecraft:rotten_flesh":2,"minecraft:obsidian":11,"iceandfire:blindfold":3,"ironfurnaces:iron_furnace":4,"minecraft:bow":82,"minecraft:dark_oak_boat":1,"minecraft:furnace":1,"minecraft:stone_pickaxe":409,"minecraft:wooden_pickaxe":2,"minecraft:chainmail_helmet":5,"minecraft:sugar_cane":1,"vanillaplustools:diamond_hammer":122,"minecraft:golden_apple":3,"minecraft:sand":27,"iceandfire:dragonbone_sword_lightning":160,"sophisticatedbackpacks:backpack":1,"minecraft:bread":2,"tombstone:grave_key":6,"minecraft:iron_door":1,"securitycraft:mine":11,"minecraft:diamond_sword":478,"minecraft:andesite":6,"minecraft:oak_boat":4,"minecraft:cobweb":8,"ironfurnaces:gold_furnace":4,"minecraft:trident":4,"minecraft:flint_and_steel":16,"vanillaplustools:stone_hammer":131,"minecraft:netherrack":4,"minecraft:orange_bed":6,"minecraft:torch":19,"minecraft:dirt":102,"minecraft:anvil":2,"iceandfire:copper_sword":60,"minecraft:golden_shovel":3,"minecraft:oak_stairs":1,"minecraft:basalt":14,"securitycraft:sand_mine":39,"minecraft:beef":4,"securitycraft:dirt_mine":3,"tombstone:gift":2,"minecraft:cooked_beef":37,"minecraft:cobbled_deepslate":358,"minecraft:brown_bed":1,"minecraft:cooked_mutton":21,"minecraft:water_bucket":7,"enemyexpansion:scorpion_tail":1,"securitycraft:cobblestone_mine":2,"minecraft:terracotta":1,"minecraft:crafting_table":25,"minecraft:white_bed":2,"minecraft:diamond_pickaxe":532,"minecraft:iron_pickaxe":277,"minecraft:stone_axe":90,"minecraft:cobblestone":99,"vanillaplustools:iron_hammer":250,"minecraft:turtle_helmet":2,"minecraft:cooked_porkchop":3,"minecraft:bucket":7},"minecraft:dropped":{"minecraft:acacia_wood":1,"iceandfire:raw_silver":2,"minecraft:cooked_beef":9,"relics:infinity_ham":1,"minecraft:cracked_stone_bricks":1,"minecraft:leather_helmet":2,"minecraft:gold_block":2,"minecraft:dirt":150,"tombstone:bag_of_seeds":1,"minecraft:gold_nugget":4,"iceandfire:ash":1,"minecraft:sand":45,"minecraft:iron_pickaxe":8,"minecraft:gold_ingot":21,"minecraft:bone":8,"minecraft:gravel":6,"minecraft:cobbled_deepslate":1411,"tombstone:gift":4,"minecraft:waxed_weathered_copper":2,"minecraft:rotten_flesh":43,"minecraft:warped_planks":5,"minecraft:poppy":3,"minecraft:melon_seeds":2,"born_in_chaos_v1:corpse_maggot":6,"minecraft:acacia_sapling":4,"minecraft:basalt":45,"minecraft:iron_bars":1,"minecraft:stone_brick_stairs":1,"minecraft:netherrack":587,"minecraft:wheat_seeds":28,"minecraft:mossy_cobblestone":1,"minecraft:yellow_concrete":2,"minecraft:oxidized_cut_copper":21,"minecraft:prismarine_shard":2,"minecraft:oak_fence":3,"minecraft:prismarine_crystals":2,"minecraft:yellow_terracotta":3,"minecraft:cobblestone":759,"minecraft:granite":16,"minecraft:golden_apple":1,"minecraft:iron_block":2,"born_in_chaos_v1:black_argillite":3,"minecraft:diorite":30,"iceandfire:dragonscales_black":5,"ava:fn_fnc_dreamcatcher":1,"tombstone:grave_dust":3,"minecraft:smooth_sandstone":3,"minecraft:paper":9,"minecraft:acacia_planks":4,"minecraft:blue_terracotta":4,"minecraft:stone_sword":2,"minecraft:tuff":97,"born_in_chaos_v1:rotten_fish":1,"minecraft:clay_ball":16,"minecraft:nether_bricks":1,"minecraft:shield":1,"minecraft:warped_fence":3,"minecraft:mossy_stone_bricks":2,"minecraft:oak_sapling":2,"minecraft:brown_bed":1,"minecraft:stone_bricks":8,"minecraft:sandstone":23,"minecraft:red_sand":3,"iceandfire:dragonbone_sword_lightning":1,"minecraft:wooden_pickaxe":2}},"DataVersion":3465}