{"stats":{"minecraft:broken":{"minecraft:iron_leggings":1,"minecraft:stone_pickaxe":3,"minecraft:chainmail_helmet":1,"minecraft:shield":1,"vanillaplustools:stone_hammer":1},"minecraft:custom":{"minecraft:interact_with_crafting_table":43,"minecraft:open_barrel":4,"minecraft:leave_game":1,"minecraft:time_since_death":7661,"minecraft:damage_resisted":0,"minecraft:sprint_one_cm":442668,"minecraft:damage_blocked_by_shield":1373,"minecraft:drop":42,"minecraft:talked_to_villager":1,"minecraft:play_time":210747,"minecraft:deaths":18,"minecraft:jump":3823,"minecraft:walk_on_water_one_cm":42299,"minecraft:interact_with_furnace":49,"minecraft:sleep_in_bed":3,"minecraft:waystone_activated":2,"tombstone:sneak_grave":1,"minecraft:damage_dealt":29261,"minecraft:player_kills":1,"minecraft:crouch_one_cm":10896,"tombstone:undead_killed":35,"tombstone:villager_killed":1,"minecraft:mob_kills":141,"minecraft:damage_dealt_resisted":812,"minecraft:climb_one_cm":6848,"minecraft:walk_one_cm":579221,"minecraft:damage_dealt_absorbed":20,"minecraft:sneak_time":5660,"minecraft:walk_under_water_one_cm":36934,"minecraft:boat_one_cm":369543,"minecraft:total_world_time":210747,"tombstone:raider_killed":7,"minecraft:time_since_rest":7514,"minecraft:damage_taken":15208,"minecraft:damage_absorbed":120,"minecraft:trigger_trapped_chest":2,"minecraft:swim_one_cm":161911,"minecraft:fly_one_cm":675907,"minecraft:open_chest":31,"minecraft:fall_one_cm":89482},"minecraft:dropped":{"iceandfire:raw_silver":2,"minecraft:leather_helmet":1,"minecraft:gold_block":2,"minecraft:gold_ingot":15,"minecraft:gravel":6,"minecraft:rotten_flesh":16,"born_in_chaos_v1:corpse_maggot":1,"minecraft:acacia_sapling":4,"minecraft:iron_bars":1,"minecraft:wheat_seeds":2,"minecraft:mossy_cobblestone":1,"minecraft:yellow_concrete":1,"minecraft:prismarine_shard":2,"minecraft:yellow_terracotta":2,"minecraft:cobblestone":509,"minecraft:granite":10,"minecraft:golden_apple":1,"minecraft:diorite":13,"iceandfire:dragonscales_black":5,"ava:fn_fnc_dreamcatcher":1,"minecraft:paper":9,"minecraft:acacia_planks":4,"minecraft:tuff":2,"born_in_chaos_v1:rotten_fish":1,"minecraft:shield":1,"minecraft:brown_bed":1,"minecraft:stone_bricks":3,"minecraft:sandstone":1,"minecraft:wooden_pickaxe":2},"minecraft:mined":{"securitycraft:mine":3,"minecraft:brewing_stand":3,"minecraft:granite":17,"minecraft:grass_block":5,"minecraft:spawner":1,"minecraft:tall_seagrass":1,"ironfurnaces:gold_furnace":4,"minecraft:cobbled_deepslate":7,"minecraft:fire":33,"minecraft:iron_ore":37,"born_in_chaos_v1:black_argillite_brick_slab":2,"minecraft:barrel":6,"minecraft:fletching_table":1,"minecraft:deepslate_lapis_ore":2,"minecraft:brown_bed":3,"minecraft:iron_bars":1,"minecraft:oak_stairs":1,"minecraft:orange_bed":6,"ironfurnaces:iron_furnace":5,"iceandfire:ghost_chest":2,"minecraft:chest":9,"minecraft:cobblestone":6,"minecraft:sugar_cane":5,"minecraft:oak_planks":8,"minecraft:wall_torch":1,"minecraft:skeleton_skull":10,"minecraft:wheat":9,"minecraft:wither_rose":4,"minecraft:grass":70,"minecraft:oak_log":5,"minecraft:sand":52,"minecraft:dirt":5,"securitycraft:sand_mine":2,"minecraft:stonecutter":1,"minecraft:oak_leaves":3,"minecraft:deepslate":598,"minecraft:infested_deepslate":1,"minecraft:yellow_terracotta":1,"iceandfire:silver_ore":2,"minecraft:mossy_cobblestone":1,"minecraft:deepslate_diamond_ore":1,"minecraft:candle":3,"minecraft:glow_lichen":1,"minecraft:large_fern":2,"minecraft:furnace":1,"minecraft:andesite":54,"minecraft:bookshelf":14,"minecraft:deepslate_iron_ore":7,"minecraft:vine":2,"minecraft:rail":1,"minecraft:bamboo":1,"minecraft:stone":759,"minecraft:smithing_table":2,"minecraft:oak_fence":1,"minecraft:crafting_table":10,"minecraft:tall_grass":27,"born_in_chaos_v1:chipped_black_argillite_brick":1,"minecraft:deepslate_gold_ore":17,"minecraft:diorite":14,"minecraft:coal_ore":105,"minecraft:gravel":8,"minecraft:yellow_concrete":5,"minecraft:cobweb":26,"minecraft:stone_bricks":4,"minecraft:mossy_stone_bricks":2,"minecraft:fern":1},"minecraft:used":{"minecraft:iron_shovel":56,"minecraft:chest":4,"minecraft:shield":27,"minecraft:iron_sword":291,"minecraft:rotten_flesh":2,"iceandfire:blindfold":3,"ironfurnaces:iron_furnace":4,"minecraft:bow":59,"minecraft:dark_oak_boat":1,"minecraft:furnace":1,"minecraft:stone_pickaxe":409,"minecraft:wooden_pickaxe":2,"minecraft:chainmail_helmet":5,"minecraft:sugar_cane":1,"minecraft:golden_apple":3,"minecraft:sand":27,"minecraft:bread":2,"minecraft:iron_door":1,"tombstone:grave_key":4,"securitycraft:mine":4,"minecraft:diamond_sword":288,"minecraft:andesite":6,"minecraft:oak_boat":4,"minecraft:cobweb":8,"minecraft:trident":4,"ironfurnaces:gold_furnace":4,"vanillaplustools:stone_hammer":131,"minecraft:orange_bed":6,"minecraft:torch":4,"iceandfire:copper_sword":60,"minecraft:oak_stairs":1,"securitycraft:sand_mine":37,"minecraft:beef":4,"securitycraft:dirt_mine":3,"tombstone:gift":2,"minecraft:cooked_beef":37,"minecraft:cobbled_deepslate":140,"minecraft:brown_bed":1,"minecraft:cooked_mutton":21,"enemyexpansion:scorpion_tail":1,"minecraft:crafting_table":16,"minecraft:iron_pickaxe":204,"minecraft:stone_axe":73,"minecraft:cobblestone":28,"minecraft:turtle_helmet":2,"minecraft:cooked_porkchop":3},"minecraft:crafted":{"securitycraft:mine":39,"minecraft:oak_planks":40,"ironfurnaces:iron_furnace":1,"minecraft:cooked_mutton":2,"minecraft:glass":0,"minecraft:chest":1,"minecraft:glass_bottle":3,"sophisticatedbackpacks:backpack":1,"securitycraft:sand_mine":35,"minecraft:cooked_porkchop":3,"iceandfire:blindfold":1,"minecraft:crafting_table":9,"minecraft:wooden_pickaxe":1,"minecraft:gold_block":1,"minecraft:shield":2,"minecraft:stick":32,"minecraft:iron_pickaxe":1,"minecraft:iron_ingot":15,"minecraft:gold_ingot":0,"ironfurnaces:gold_furnace":1,"vanillaplustools:stone_hammer":1,"minecraft:furnace":1,"minecraft:stone_pickaxe":12,"sophisticatedbackpacks:iron_backpack":2,"minecraft:cooked_beef":3,"sophisticatedbackpacks:gold_backpack":2,"minecraft:stone_axe":1,"minecraft:air":0,"minecraft:jungle_planks":4,"securitycraft:dirt_mine":3,"minecraft:oak_boat":2,"iceandfire:bestiary":1,"minecraft:acacia_planks":44,"minecraft:torch":4},"minecraft:killed_by":{"minecraft:player":3},"minecraft:killed":{"born_in_chaos_v1:zombie_clown":2,"minecraft:cave_spider":3,"minecraft:witch":1,"born_in_chaos_v1:zombie_lumberjack":1,"born_in_chaos_v1:skeleton_demoman":1,"iceandfire:gorgon":1,"minecraft:spider":3,"born_in_chaos_v1:siamese_skeletonsright":1,"born_in_chaos_v1:scarlet_persecutor":4,"minecraft:skeleton":6,"minecraft:chicken":1,"minecraft:silverfish":4,"minecraft:skeleton_horse":1,"enemyexpansion:vampflyer":1,"minecraft:pig":9,"hunters_return:hunter":5,"minecraft:creeper":4,"minecraft:sheep":10,"minecraft:zombie":6,"born_in_chaos_v1:dread_hound":2,"born_in_chaos_v1:corpse_fly":6,"minecraft:stray":1,"enemyexpansion:botfly":4,"iceandfire:lightning_dragon":2,"born_in_chaos_v1:siamese_skeletonsleft":1,"minecraft:cow":18,"minecraft:vindicator":1,"born_in_chaos_v1:zombie_bruiser":2,"born_in_chaos_v1:maggot":7,"iceandfire:siren":2,"born_in_chaos_v1:corpse_fish":4,"cataclysm:lionfish":1,"iceandfire:deathworm":4,"enemyexpansion:goblin":2,"enemyexpansion:starved":3,"cataclysm:deepling_angler":1,"ava:yellow_robot":2,"born_in_chaos_v1:fallen_chaos_knight":1,"iceandfire:cyclops":1,"born_in_chaos_v1:baby_skeleton":1,"enemyexpansion:sprinter":2,"born_in_chaos_v1:decrepit_skeleton":3,"born_in_chaos_v1:bloody_gadfly":1,"born_in_chaos_v1:decaying_zombie":1,"minecraft:villager":1},"minecraft:picked_up":{"minecraft:wheat":28,"iceandfire:copper_sword":1,"securitycraft:sand_mine":2,"minecraft:prismarine_shard":2,"minecraft:smithing_table":2,"minecraft:lead":1,"minecraft:diamond_sword":1,"alexscaves:cave_tablet":6,"minecraft:oak_stairs":1,"minecraft:brown_bed":2,"minecraft:wither_rose":4,"minecraft:potion":1,"minecraft:stone_brick_stairs":1,"minecraft:brewing_stand":3,"iceandfire:manuscript":6,"minecraft:string":32,"minecraft:iron_leggings":1,"minecraft:diamond_leggings":1,"minecraft:red_sand":3,"minecraft:gold_nugget":10,"minecraft:cobbled_deepslate":553,"hunters_return:boomerang":2,"minecraft:furnace":1,"minecraft:iron_boots":1,"minecraft:stick":10,"iceandfire:ghost_chest":2,"apotheosis:gem":2,"minecraft:acacia_fence":1,"minecraft:oak_fence":3,"minecraft:acacia_log":15,"minecraft:torch":1,"minecraft:porkchop":22,"minecraft:cherry_log":2,"tombstone:grave_dust":3,"minecraft:diorite":27,"minecraft:orange_bed":6,"minecraft:rotten_flesh":40,"minecraft:iron_bars":1,"minecraft:cobblestone":714,"iceandfire:dragonscales_black":10,"minecraft:birch_log":2,"minecraft:cooked_beef":41,"minecraft:iron_door":1,"minecraft:andesite":53,"minecraft:jungle_log":1,"minecraft:dark_oak_boat":1,"paraglider:spirit_orb":4,"minecraft:flint":1,"minecraft:tuff":2,"born_in_chaos_v1:black_argillite_button":5,"minecraft:lapis_lazuli":9,"minecraft:dirt":29,"minecraft:bone":26,"minecraft:stonecutter":1,"minecraft:bow":9,"minecraft:wheat_seeds":58,"minecraft:raw_gold":17,"minecraft:bell":1,"minecraft:mossy_stone_bricks":1,"minecraft:fletching_table":1,"minecraft:bamboo":6,"minecraft:oak_planks":8,"ironfurnaces:iron_furnace":4,"securitycraft:mine":3,"ava:controller":1,"iceandfire:shiny_scales":5,"minecraft:sand":64,"iceandfire:lightning_dragon_heart":1,"minecraft:dark_oak_log":1,"minecraft:barrel":6,"minecraft:mossy_cobblestone":1,"minecraft:bundle":1,"minecraft:diamond":1,"minecraft:granite":15,"minecraft:golden_apple":2,"minecraft:emerald":3,"iceandfire:gorgon_head":1,"minecraft:oak_sapling":5,"born_in_chaos_v1:rotten_fish":1,"iceandfire:raw_silver":2,"iceandfire:dragon_skull_lightning":2,"minecraft:crafting_table":8,"minecraft:chicken":1,"minecraft:turtle_helmet":1,"minecraft:wooden_pickaxe":2,"minecraft:chain":2,"minecraft:shield":1,"minecraft:iron_shovel":1,"minecraft:candle":7,"minecraft:beef":35,"minecraft:oak_boat":2,"iceandfire:dragonscales_electric":8,"minecraft:sugar_cane":10,"minecraft:chest":8,"minecraft:raw_iron":144,"minecraft:sandstone":2,"iceandfire:dragonbone":13,"iceandfire:deathworm_chitin_red":4,"born_in_chaos_v1:pieceofdarkmetal":6,"iceandfire:deathworm_chitin_white":5,"minecraft:prismarine_crystals":2,"iceandfire:silver_ingot":1,"minecraft:arrow":93,"ironfurnaces:gold_furnace":4,"minecraft:yellow_terracotta":2,"born_in_chaos_v1:spiny_shell":3,"minecraft:gold_ingot":2,"minecraft:mutton":24,"minecraft:skeleton_skull":10,"minecraft:white_wool":14,"born_in_chaos_v1:corpse_maggot":5,"born_in_chaos_v1:monster_flesh":1,"minecraft:leather":36,"minecraft:acacia_wood":1,"minecraft:oak_log":10,"iceandfire:ectoplasm":1,"minecraft:gunpowder":6,"enemyexpansion:scorpion_tail":1,"minecraft:cooked_mutton":15,"minecraft:smooth_sandstone":3,"minecraft:apple":29,"minecraft:stone_bricks":5,"minecraft:iron_ingot":48,"minecraft:cobweb":8,"tombstone:bag_of_seeds":1,"minecraft:acacia_sapling":6,"minecraft:book":42,"minecraft:yellow_concrete":2,"born_in_chaos_v1:ethereal_spirit":4,"minecraft:gravel":6,"minecraft:spider_eye":2,"minecraft:leather_helmet":1,"alexscaves:cave_map":1,"minecraft:brown_banner":1,"minecraft:melon_seeds":3,"minecraft:coal":548}},"DataVersion":3465}