{"stats":{"minecraft:custom":{"minecraft:interact_with_crafting_table":38,"minecraft:open_barrel":12,"minecraft:leave_game":7,"minecraft:time_since_death":290515,"minecraft:damage_resisted":236,"minecraft:sprint_one_cm":1784432,"minecraft:damage_blocked_by_shield":4503,"minecraft:drop":253,"minecraft:talked_to_villager":18,"minecraft:play_time":623796,"minecraft:deaths":20,"minecraft:jump":9611,"minecraft:interact_with_brewingstand":1,"minecraft:walk_on_water_one_cm":73900,"minecraft:interact_with_furnace":27,"minecraft:interact_with_loom":2,"minecraft:sleep_in_bed":26,"minecraft:waystone_activated":4,"minecraft:damage_dealt":37839,"minecraft:player_kills":3,"minecraft:crouch_one_cm":168722,"tombstone:undead_killed":73,"minecraft:inspect_dispenser":7,"minecraft:horse_one_cm":1889,"minecraft:interact_with_anvil":4,"minecraft:mob_kills":166,"minecraft:damage_dealt_resisted":3495,"minecraft:climb_one_cm":8083,"minecraft:walk_one_cm":1247281,"minecraft:damage_dealt_absorbed":180,"minecraft:sneak_time":37234,"minecraft:walk_under_water_one_cm":51176,"minecraft:boat_one_cm":348076,"minecraft:interact_with_blast_furnace":1,"minecraft:total_world_time":623796,"tombstone:raider_killed":2,"minecraft:interact_with_grindstone":6,"minecraft:time_since_rest":0,"minecraft:damage_taken":22008,"minecraft:damage_absorbed":381,"minecraft:trigger_trapped_chest":15,"minecraft:swim_one_cm":151590,"minecraft:fly_one_cm":2063866,"minecraft:open_chest":76,"minecraft:fall_one_cm":245612},"minecraft:broken":{"minecraft:iron_shovel":2,"minecraft:diamond_helmet":1,"minecraft:iron_boots":1,"minecraft:iron_chestplate":2,"minecraft:iron_leggings":1,"minecraft:diamond_shovel":1,"minecraft:stone_axe":1,"minecraft:wooden_axe":1,"minecraft:chainmail_helmet":1,"minecraft:wooden_pickaxe":1,"minecraft:shield":1,"vanillaplustools:stone_hammer":1,"minecraft:wooden_hoe":1},"minecraft:dropped":{"sophisticatedbackpacks:iron_backpack":1,"minecraft:acacia_wood":1,"minecraft:soul_sand":89,"minecraft:candle":3,"minecraft:lapis_lazuli":2,"minecraft:oak_log":5,"minecraft:diamond":4,"cataclysm:lionfish":1,"minecraft:quartz_pillar":1,"born_in_chaos_v1:nightmare_claw":2,"minecraft:rail":1,"minecraft:leather_helmet":1,"paraglider:spirit_orb":1,"born_in_chaos_v1:monster_flesh":4,"minecraft:dirt":30,"tombstone:bag_of_seeds":1,"minecraft:cornflower":2,"minecraft:mutton":5,"minecraft:seagrass":1,"minecraft:jungle_sapling":1,"minecraft:gold_nugget":2,"alexscaves:cave_map":2,"minecraft:sand":47,"minecraft:gold_ingot":6,"minecraft:bone":10,"minecraft:gravel":10,"minecraft:sugar_cane":1,"minecraft:iron_nugget":6,"born_in_chaos_v1:fire_dust":1,"minecraft:cobbled_deepslate":85,"alexscaves:radrock":394,"alexscaves:cave_tablet":6,"tombstone:gift":2,"born_in_chaos_v1:ethereal_spirit":2,"minecraft:waxed_weathered_copper":1,"minecraft:rotten_flesh":54,"minecraft:azure_bluet":4,"minecraft:acacia_stairs":2,"minecraft:warped_planks":15,"patchouli:guide_book":1,"minecraft:acacia_button":1,"minecraft:chainmail_chestplate":2,"minecraft:poppy":4,"born_in_chaos_v1:seedof_chaos":1,"minecraft:gunpowder":2,"apotheosis:gem":3,"minecraft:melon_seeds":2,"born_in_chaos_v1:corpse_maggot":7,"minecraft:leather_boots":1,"minecraft:acacia_sapling":5,"iceandfire:deathworm_chitin_white":1,"minecraft:leather_leggings":2,"minecraft:arrow":4,"iceandfire:deathworm_chitin_yellow":6,"born_in_chaos_v1:marigolds":2,"minecraft:netherrack":3,"minecraft:iron_ingot":31,"minecraft:wheat_seeds":95,"minecraft:cobbled_deepslate_stairs":4,"iceandfire:deathworm_egg":1,"minecraft:yellow_concrete":1,"minecraft:oxidized_cut_copper":8,"minecraft:oak_fence":4,"minecraft:yellow_terracotta":6,"minecraft:cobblestone":20,"enemyexpansion:scorpion_tail":1,"minecraft:granite":11,"minecraft:acacia_log":9,"bossominium:the_bossdexium":1,"minecraft:stick":4,"minecraft:oxeye_daisy":2,"iceandfire:deathworm_chitin_red":12,"born_in_chaos_v1:black_argillite":9,"minecraft:diorite":13,"born_in_chaos_v1:river_mint":16,"born_in_chaos_v1:fused_bone":2,"minecraft:iron_door":1,"tombstone:grave_dust":5,"minecraft:iron_shovel":3,"minecraft:string":3,"minecraft:dandelion":13,"minecraft:kelp":1,"minecraft:tuff":73,"minecraft:raw_iron":7,"born_in_chaos_v1:rotten_fish":4,"born_in_chaos_v1:black_argillite_button":1,"minecraft:clay_ball":1,"minecraft:blue_concrete":5,"minecraft:filled_map":1,"minecraft:diamond_sword":1,"minecraft:big_dripleaf":2,"minecraft:orange_terracotta":4,"minecraft:andesite":21,"minecraft:mossy_stone_bricks":3,"minecraft:oak_sapling":11,"minecraft:spider_eye":4,"minecraft:stone_bricks":9,"minecraft:sandstone":2,"iceandfire:dragonbone_sword_lightning":1,"minecraft:wooden_pickaxe":1},"minecraft:mined":{"minecraft:dark_oak_planks":1,"minecraft:white_bed":14,"minecraft:cobbled_deepslate_stairs":4,"minecraft:light_blue_concrete":1,"minecraft:sculk_vein":2,"minecraft:cobblestone_stairs":13,"minecraft:brewing_stand":2,"minecraft:obsidian":14,"minecraft:granite":22,"minecraft:acacia_log":18,"minecraft:grass_block":1701,"minecraft:jungle_log":29,"minecraft:blue_concrete":4,"minecraft:composter":5,"minecraft:oxeye_daisy":2,"minecraft:spawner":5,"minecraft:magma_block":1,"minecraft:iron_ore":78,"born_in_chaos_v1:black_argillite_brick_slab":4,"minecraft:sticky_piston":4,"minecraft:fire":82,"minecraft:cobbled_deepslate":12,"minecraft:azure_bluet":4,"minecraft:sculk_shrieker":2,"minecraft:dirt_path":38,"minecraft:iron_block":1,"minecraft:orange_bed":4,"minecraft:piston_head":2,"minecraft:jungle_button":1,"minecraft:deepslate_redstone_ore":13,"minecraft:orange_terracotta":4,"minecraft:torch":4,"minecraft:light_gray_terracotta":2,"minecraft:blast_furnace":1,"minecraft:poppy":4,"minecraft:dead_bush":5,"minecraft:glass":19,"minecraft:cobblestone":61,"born_in_chaos_v1:black_argillite_button":1,"minecraft:wall_torch":7,"minecraft:skeleton_skull":8,"minecraft:white_terracotta":1,"minecraft:repeater":4,"minecraft:warped_planks":1,"sophisticatedbackpacks:diamond_backpack":1,"minecraft:wheat":1,"born_in_chaos_v1:river_mint":11,"minecraft:tnt":1,"minecraft:wither_rose":1,"minecraft:grass":559,"minecraft:oak_log":31,"minecraft:beetroots":1,"minecraft:sand":95,"minecraft:dirt":1267,"minecraft:stonecutter":2,"minecraft:netherrack":3,"minecraft:oak_leaves":13,"minecraft:deepslate":361,"minecraft:infested_deepslate":1,"minecraft:diamond_ore":1,"minecraft:tuff":75,"minecraft:mossy_cobblestone":6,"minecraft:deepslate_diamond_ore":37,"alexscaves:radrock":478,"minecraft:dark_oak_log":3,"born_in_chaos_v1:black_argillite":12,"minecraft:white_stained_glass":1,"minecraft:redstone_wire":30,"minecraft:soul_campfire":1,"minecraft:hay_block":48,"alexscaves:radrock_uranium_ore":19,"minecraft:oxidized_cut_copper":1,"minecraft:oak_trapdoor":8,"minecraft:furnace":1,"minecraft:carrots":24,"minecraft:suspicious_sand":2,"minecraft:andesite":233,"minecraft:gold_block":1,"minecraft:big_dripleaf_stem":1,"minecraft:bookshelf":43,"minecraft:deepslate_iron_ore":21,"minecraft:vine":12,"minecraft:rail":2,"minecraft:stone":1758,"minecraft:white_wool":2,"minecraft:redstone_block":6,"minecraft:glass_pane":2,"born_in_chaos_v1:marigolds":2,"minecraft:soul_sand":89,"minecraft:dandelion":13,"minecraft:oak_fence":4,"minecraft:crafting_table":5,"minecraft:copper_ore":2,"minecraft:tall_grass":33,"born_in_chaos_v1:chipped_black_argillite_brick":2,"minecraft:sculk":45,"minecraft:diorite":26,"minecraft:birch_leaves":1,"minecraft:quartz_pillar":2,"minecraft:yellow_bed":1,"minecraft:coal_ore":102,"minecraft:yellow_concrete":1,"minecraft:gravel":58,"minecraft:dripstone_block":2,"minecraft:lodestone":1,"minecraft:cobweb":36,"minecraft:brown_terracotta":7,"minecraft:terracotta":2,"minecraft:stone_bricks":9,"minecraft:mossy_stone_bricks":1,"minecraft:gold_ore":1,"minecraft:fern":3},"minecraft:used":{"minecraft:iron_shovel":524,"minecraft:dispenser":1,"minecraft:shield":84,"minecraft:rotten_flesh":8,"minecraft:mutton":7,"minecraft:carrot":93,"minecraft:axolotl_bucket":2,"minecraft:obsidian":1,"minecraft:glass":68,"vanillaplustools:iron_shovel":198,"sophisticatedbackpacks:diamond_backpack":1,"minecraft:lava_bucket":11,"minecraft:villager_spawn_egg":1,"minecraft:item_frame":1,"ironfurnaces:iron_furnace":1,"minecraft:bow":6,"minecraft:dark_oak_boat":4,"minecraft:jungle_button":3,"minecraft:furnace":1,"minecraft:beetroot_seeds":1,"minecraft:egg":1,"minecraft:diorite":10,"minecraft:oak_planks":1,"minecraft:stone_pickaxe":56,"minecraft:powered_rail":2,"minecraft:wooden_pickaxe":58,"minecraft:composter":5,"minecraft:white_wool":2,"minecraft:golden_apple":14,"minecraft:sand":3,"minecraft:yellow_concrete":2,"iceandfire:dragonbone_sword_lightning":212,"minecraft:redstone_torch":1,"minecraft:gravel":2,"minecraft:deepslate":64,"tombstone:grave_key":2,"minecraft:bread":108,"bossominium:charred_steak":33,"minecraft:diamond_sword":625,"born_in_chaos_v1:rotten_fish":1,"minecraft:andesite":43,"minecraft:bone_meal":51,"minecraft:oak_fence":1,"minecraft:oak_trapdoor":20,"minecraft:trident":1,"minecraft:flint_and_steel":1,"minecraft:tropical_fish":2,"born_in_chaos_v1:black_argillite":3,"vanillaplustools:stone_hammer":130,"minecraft:orange_bed":4,"minecraft:torch":60,"minecraft:dirt":2660,"minecraft:anvil":1,"minecraft:granite":11,"minecraft:brown_terracotta":7,"minecraft:wooden_axe":47,"minecraft:iron_hoe":81,"minecraft:iron_axe":27,"minecraft:soul_soil":1,"minecraft:orange_terracotta":3,"minecraft:cooked_beef":11,"minecraft:brown_bed":1,"minecraft:cobbled_deepslate":176,"minecraft:cooked_mutton":25,"minecraft:water_bucket":58,"minecraft:cobblestone_stairs":41,"minecraft:stonecutter":1,"minecraft:rail":7,"minecraft:tnt":1,"minecraft:crafting_table":7,"minecraft:white_bed":17,"minecraft:warped_planks":1,"minecraft:wooden_hoe":58,"minecraft:diamond_pickaxe":1346,"minecraft:diamond_shovel":1601,"minecraft:chicken":2,"minecraft:stone_axe":169,"minecraft:cobblestone":372,"vanillaplustools:iron_hammer":154,"minecraft:cooked_porkchop":11,"minecraft:bucket":72,"minecraft:yellow_bed":1,"minecraft:wither_rose":1,"alexscaves:radrock":23},"minecraft:crafted":{"minecraft:jungle_button":1,"minecraft:oak_planks":60,"minecraft:dark_oak_boat":1,"minecraft:cobblestone_stairs":4,"minecraft:diamond_shovel":1,"sophisticatedbackpacks:crafting_upgrade":1,"minecraft:cooked_mutton":2,"sophisticatedbackpacks:smelting_upgrade":1,"vanillaplustools:iron_hammer":1,"minecraft:bow":1,"minecraft:iron_boots":2,"iceandfire:armor_black_helmet":1,"minecraft:chest":5,"minecraft:rail":16,"minecraft:oak_slab":12,"minecraft:wooden_shovel":1,"sophisticatedbackpacks:backpack":2,"minecraft:cooked_porkchop":8,"minecraft:crafting_table":1,"minecraft:wooden_pickaxe":2,"minecraft:iron_helmet":1,"minecraft:acacia_button":1,"sophisticatedbackpacks:upgrade_base":4,"minecraft:dispenser":1,"minecraft:iron_chestplate":2,"minecraft:wooden_hoe":1,"minecraft:shield":1,"sophisticatedbackpacks:diamond_backpack":3,"minecraft:stick":24,"minecraft:iron_ingot":64,"sophisticatedbackpacks:auto_smelting_upgrade":1,"minecraft:iron_pickaxe":10,"minecraft:gold_ingot":27,"minecraft:redstone_torch":1,"minecraft:composter":1,"sophisticatedbackpacks:advanced_pickup_upgrade":1,"minecraft:wooden_sword":1,"vanillaplustools:stone_hammer":1,"sophisticatedbackpacks:tool_swapper_upgrade":1,"vanillaplustools:iron_shovel":1,"minecraft:furnace":1,"minecraft:bone_meal":51,"alexscaves:cave_map":1,"minecraft:oak_trapdoor":8,"minecraft:flint_and_steel":1,"minecraft:iron_hoe":1,"minecraft:stone_pickaxe":9,"minecraft:dark_oak_planks":8,"sophisticatedbackpacks:iron_backpack":3,"minecraft:minecart":1,"minecraft:wheat":135,"minecraft:cooked_beef":2,"sophisticatedbackpacks:advanced_tool_swapper_upgrade":1,"minecraft:powered_rail":6,"sophisticatedbackpacks:gold_backpack":3,"minecraft:bucket":1,"minecraft:stone_axe":1,"minecraft:air":0,"minecraft:bread":45,"minecraft:jungle_planks":40,"sophisticatedbackpacks:pickup_upgrade":1,"minecraft:white_wool":1,"minecraft:wooden_axe":2,"minecraft:iron_shovel":11,"minecraft:iron_leggings":2,"minecraft:white_bed":3,"minecraft:acacia_planks":36,"minecraft:torch":16},"minecraft:killed_by":{"minecraft:player":2,"minecraft:stray":3,"born_in_chaos_v1:fallen_chaos_knight":1},"minecraft:killed":{"born_in_chaos_v1:zombie_clown":1,"minecraft:cave_spider":5,"minecraft:witch":2,"born_in_chaos_v1:zombie_lumberjack":3,"born_in_chaos_v1:restless_spirit":1,"minecraft:spider":8,"born_in_chaos_v1:siamese_skeletonsright":2,"born_in_chaos_v1:baby_skeleton_minion":1,"born_in_chaos_v1:scarlet_persecutor":1,"minecraft:skeleton":12,"minecraft:tropical_fish":4,"enemyexpansion:vampflyer":1,"born_in_chaos_v1:bonescaller":1,"minecraft:creeper":3,"minecraft:sheep":8,"enemyexpansion:meature":3,"minecraft:zombie":17,"born_in_chaos_v1:dread_hound":1,"enemyexpansion:vampire":1,"enemyexpansion:botfly":9,"born_in_chaos_v1:corpse_fly":2,"minecraft:stray":1,"born_in_chaos_v1:door_knight":2,"born_in_chaos_v1:siamese_skeletonsleft":2,"born_in_chaos_v1:thornshell_crab":1,"born_in_chaos_v1:zombie_bruiser":1,"born_in_chaos_v1:maggot":9,"born_in_chaos_v1:corpse_fish":5,"iceandfire:deathworm":2,"born_in_chaos_v1:barrel_zombie":2,"enemyexpansion:scorpion":2,"enemyexpansion:starved":1,"born_in_chaos_v1:fallen_chaos_knight":1,"iceandfire:cyclops":1,"born_in_chaos_v1:baby_skeleton":1,"iceandfire:troll":1,"enemyexpansion:troll":3,"enemyexpansion:sprinter":6,"born_in_chaos_v1:decrepit_skeleton":5,"iceandfire:ghost":1,"enemyexpansion:huntsman":2,"born_in_chaos_v1:nightmare_stalker":2,"enemyexpansion:slugger":6},"minecraft:picked_up":{"iceandfire:deathworm_egg":1,"minecraft:seagrass":1,"minecraft:redstone_block":6,"minecraft:chainmail_boots":1,"minecraft:lead":3,"minecraft:diamond_sword":2,"minecraft:brown_bed":1,"minecraft:wither_rose":1,"minecraft:potion":1,"minecraft:brewing_stand":2,"minecraft:blue_concrete":6,"born_in_chaos_v1:black_argillite":12,"minecraft:string":52,"minecraft:raw_copper":6,"minecraft:soul_soil":1,"minecraft:iron_leggings":1,"minecraft:sticky_piston":6,"minecraft:zombie_head":1,"minecraft:cobbled_deepslate":393,"minecraft:gold_nugget":1,"minecraft:waxed_weathered_copper":1,"minecraft:iron_boots":1,"minecraft:furnace":1,"minecraft:stick":22,"apotheosis:gem":4,"minecraft:brown_terracotta":7,"minecraft:composter":4,"minecraft:big_dripleaf":2,"minecraft:oak_fence":5,"minecraft:torch":29,"minecraft:acacia_log":18,"iceandfire:lightning_dragon_flesh":2,"minecraft:golden_axe":1,"tombstone:grave_dust":5,"minecraft:diorite":23,"born_in_chaos_v1:nightmare_claw":2,"minecraft:warped_planks":16,"minecraft:orange_bed":4,"minecraft:rotten_flesh":65,"minecraft:tropical_fish":2,"iceandfire:deathworm_chitin_yellow":6,"minecraft:iron_block":2,"minecraft:white_terracotta":1,"minecraft:obsidian":14,"minecraft:blaze_powder":1,"minecraft:cobblestone":1849,"iceandfire:dragonscales_black":16,"born_in_chaos_v1:staffof_magic_arrows":1,"minecraft:cooked_beef":9,"minecraft:repeater":4,"minecraft:jungle_log":26,"minecraft:andesite":238,"minecraft:dark_oak_boat":3,"paraglider:spirit_orb":6,"minecraft:flint":5,"minecraft:tuff":73,"born_in_chaos_v1:black_argillite_button":1,"minecraft:lapis_lazuli":2,"minecraft:dirt":3087,"born_in_chaos_v1:nightmare_stalker_skull":1,"minecraft:name_tag":1,"born_in_chaos_v1:marigolds":2,"minecraft:leather_boots":1,"minecraft:bone":27,"minecraft:bow":1,"minecraft:stonecutter":2,"minecraft:wheat_seeds":97,"minecraft:raw_gold":1,"minecraft:mossy_stone_bricks":3,"minecraft:diamond_helmet":1,"minecraft:glowstone_dust":1,"ironfurnaces:iron_furnace":1,"minecraft:ghast_tear":1,"minecraft:cooked_porkchop":3,"alexscaves:uranium":24,"minecraft:sand":102,"sophisticatedbackpacks:iron_backpack":1,"iceandfire:lightning_dragon_heart":1,"minecraft:acacia_stairs":2,"iceandfire:dragonbone_sword_lightning":2,"minecraft:dark_oak_log":3,"minecraft:mossy_cobblestone":1,"minecraft:bundle":1,"cataclysm:lionfish":1,"minecraft:light_gray_terracotta":2,"born_in_chaos_v1:fire_dust":1,"minecraft:diamond":42,"minecraft:granite":22,"minecraft:golden_apple":1,"minecraft:emerald":6,"minecraft:oak_sapling":11,"born_in_chaos_v1:rotten_fish":5,"minecraft:netherrack":3,"minecraft:diamond_pickaxe":1,"minecraft:crafting_table":7,"minecraft:azure_bluet":4,"minecraft:chicken":2,"born_in_chaos_v1:river_mint":16,"minecraft:clay_ball":1,"born_in_chaos_v1:seedof_chaos":1,"minecraft:leather_leggings":2,"minecraft:wooden_pickaxe":1,"minecraft:gold_block":2,"minecraft:shield":2,"minecraft:cornflower":2,"minecraft:oak_trapdoor":8,"minecraft:iron_axe":1,"minecraft:item_frame":1,"minecraft:iron_shovel":3,"minecraft:candle":3,"minecraft:jungle_sapling":1,"minecraft:iron_nugget":3,"minecraft:poppy":4,"minecraft:chest":1,"minecraft:egg":1,"minecraft:raw_iron":68,"minecraft:sandstone":2,"iceandfire:dragonbone":3,"iceandfire:troll_tusk":1,"iceandfire:deathworm_chitin_red":7,"minecraft:quartz_pillar":1,"iceandfire:deathworm_chitin_white":1,"minecraft:trident":1,"minecraft:carrot":93,"minecraft:redstone":82,"minecraft:tnt":1,"minecraft:arrow":9,"minecraft:beetroot_seeds":1,"minecraft:hay_block":48,"minecraft:yellow_terracotta":1,"minecraft:gold_ingot":16,"minecraft:mutton":20,"minecraft:rail":4,"minecraft:skeleton_skull":8,"minecraft:white_wool":10,"minecraft:oxeye_daisy":2,"born_in_chaos_v1:fused_bone":2,"born_in_chaos_v1:corpse_maggot":7,"born_in_chaos_v1:monster_flesh":4,"minecraft:leather":1,"minecraft:acacia_wood":1,"minecraft:oak_log":32,"minecraft:chainmail_chestplate":2,"minecraft:jungle_button":2,"minecraft:yellow_bed":1,"minecraft:cobbled_deepslate_stairs":4,"minecraft:gunpowder":3,"minecraft:cobblestone_stairs":13,"enemyexpansion:scorpion_tail":1,"minecraft:paper":9,"minecraft:orange_terracotta":5,"minecraft:apple":1,"minecraft:stone_bricks":9,"minecraft:kelp":1,"minecraft:iron_ingot":3,"alexscaves:radrock":459,"tombstone:bag_of_seeds":2,"minecraft:oxidized_cut_copper":8,"minecraft:acacia_sapling":4,"minecraft:soul_sand":89,"sophisticatedbackpacks:diamond_backpack":1,"minecraft:book":111,"minecraft:yellow_concrete":3,"born_in_chaos_v1:ethereal_spirit":2,"minecraft:dandelion":13,"minecraft:gravel":59,"minecraft:amethyst_shard":6,"minecraft:blast_furnace":1,"minecraft:white_bed":14,"minecraft:spider_eye":5,"minecraft:leather_helmet":1,"ava:fn_fnc_dreamcatcher":1,"minecraft:slime_ball":1,"minecraft:chainmail_leggings":1,"alexscaves:cave_map":1,"minecraft:terracotta":2,"tombstone:magic_scroll":2,"minecraft:melon_seeds":3,"minecraft:coal":3}},"DataVersion":3465}