{"stats":{"minecraft:broken":{"minecraft:diamond_helmet":1,"minecraft:iron_chestplate":1,"minecraft:wooden_pickaxe":1,"minecraft:shield":1,"minecraft:wooden_axe":1},"minecraft:custom":{"minecraft:mob_kills":67,"minecraft:interact_with_crafting_table":38,"minecraft:open_barrel":7,"minecraft:damage_dealt_resisted":503,"minecraft:leave_game":1,"minecraft:time_since_death":4255,"minecraft:climb_one_cm":3729,"minecraft:damage_resisted":236,"minecraft:sprint_one_cm":706507,"minecraft:walk_one_cm":364955,"minecraft:damage_blocked_by_shield":1933,"minecraft:drop":115,"minecraft:damage_dealt_absorbed":14,"minecraft:talked_to_villager":3,"minecraft:play_time":220774,"minecraft:sneak_time":7997,"minecraft:deaths":11,"minecraft:walk_under_water_one_cm":35912,"minecraft:boat_one_cm":348076,"minecraft:jump":3876,"minecraft:walk_on_water_one_cm":41309,"minecraft:total_world_time":220774,"minecraft:interact_with_furnace":27,"minecraft:interact_with_loom":2,"minecraft:interact_with_grindstone":6,"minecraft:sleep_in_bed":5,"minecraft:time_since_rest":4013,"minecraft:waystone_activated":2,"minecraft:damage_taken":14273,"minecraft:damage_absorbed":32,"minecraft:trigger_trapped_chest":7,"minecraft:damage_dealt":13981,"minecraft:swim_one_cm":123039,"minecraft:fly_one_cm":842956,"minecraft:player_kills":3,"minecraft:open_chest":47,"minecraft:crouch_one_cm":17622,"tombstone:undead_killed":25,"minecraft:fall_one_cm":118184},"minecraft:dropped":{"sophisticatedbackpacks:iron_backpack":1,"minecraft:acacia_wood":1,"minecraft:candle":3,"minecraft:wheat_seeds":18,"minecraft:oak_log":5,"iceandfire:deathworm_egg":1,"minecraft:diamond":4,"cataclysm:lionfish":1,"minecraft:oak_fence":1,"minecraft:yellow_terracotta":6,"minecraft:cobblestone":1,"enemyexpansion:scorpion_tail":1,"minecraft:granite":9,"minecraft:acacia_log":9,"born_in_chaos_v1:nightmare_claw":2,"bossominium:the_bossdexium":1,"minecraft:stick":4,"born_in_chaos_v1:monster_flesh":4,"minecraft:dirt":10,"tombstone:bag_of_seeds":1,"born_in_chaos_v1:black_argillite":3,"minecraft:diorite":13,"minecraft:mutton":5,"minecraft:iron_door":1,"alexscaves:cave_map":2,"minecraft:sand":47,"minecraft:string":2,"minecraft:bone":10,"minecraft:gravel":4,"minecraft:kelp":1,"minecraft:sugar_cane":1,"born_in_chaos_v1:fire_dust":1,"alexscaves:cave_tablet":6,"minecraft:tuff":2,"tombstone:gift":2,"born_in_chaos_v1:rotten_fish":4,"born_in_chaos_v1:black_argillite_button":1,"minecraft:rotten_flesh":23,"minecraft:blue_concrete":5,"minecraft:acacia_stairs":2,"patchouli:guide_book":1,"minecraft:acacia_button":1,"minecraft:diamond_sword":1,"born_in_chaos_v1:seedof_chaos":1,"minecraft:gunpowder":2,"minecraft:orange_terracotta":3,"minecraft:oak_sapling":3,"minecraft:andesite":4,"minecraft:melon_seeds":2,"born_in_chaos_v1:corpse_maggot":6,"minecraft:mossy_stone_bricks":3,"apotheosis:gem":3,"minecraft:acacia_sapling":5,"iceandfire:deathworm_chitin_white":1,"minecraft:leather_leggings":2,"minecraft:spider_eye":1,"minecraft:stone_bricks":9,"minecraft:sandstone":2,"minecraft:arrow":3,"minecraft:wooden_pickaxe":1,"iceandfire:deathworm_chitin_yellow":6},"minecraft:mined":{"minecraft:infested_deepslate":1,"minecraft:diamond_ore":1,"minecraft:tuff":2,"minecraft:white_bed":3,"minecraft:deepslate_diamond_ore":19,"minecraft:dark_oak_log":3,"minecraft:granite":19,"minecraft:acacia_log":18,"minecraft:grass_block":3,"born_in_chaos_v1:black_argillite":3,"minecraft:blue_concrete":3,"minecraft:redstone_wire":30,"minecraft:spawner":1,"minecraft:hay_block":15,"minecraft:furnace":1,"minecraft:iron_ore":39,"born_in_chaos_v1:black_argillite_brick_slab":4,"minecraft:sticky_piston":4,"minecraft:fire":12,"minecraft:cobbled_deepslate":4,"minecraft:suspicious_sand":2,"minecraft:andesite":5,"minecraft:bookshelf":9,"minecraft:vine":1,"minecraft:deepslate_iron_ore":15,"minecraft:stone":142,"minecraft:orange_bed":2,"minecraft:white_wool":2,"minecraft:piston_head":2,"minecraft:deepslate_redstone_ore":9,"minecraft:redstone_block":6,"minecraft:oak_fence":4,"minecraft:torch":3,"minecraft:crafting_table":5,"minecraft:blast_furnace":1,"minecraft:dead_bush":2,"minecraft:cobblestone":3,"born_in_chaos_v1:chipped_black_argillite_brick":2,"born_in_chaos_v1:black_argillite_button":1,"minecraft:diorite":19,"minecraft:skeleton_skull":6,"minecraft:repeater":4,"minecraft:birch_leaves":1,"minecraft:wheat":1,"minecraft:grass":22,"minecraft:coal_ore":2,"minecraft:oak_log":9,"minecraft:gravel":6,"minecraft:dirt":7,"minecraft:sand":23,"minecraft:cobweb":31,"minecraft:stone_bricks":9,"minecraft:mossy_stone_bricks":1,"minecraft:oak_leaves":10,"minecraft:deepslate":65,"minecraft:fern":2,"minecraft:dark_oak_planks":1},"minecraft:used":{"minecraft:oak_fence":1,"minecraft:trident":1,"minecraft:iron_shovel":21,"minecraft:shield":40,"vanillaplustools:stone_hammer":20,"minecraft:rotten_flesh":8,"minecraft:orange_bed":1,"minecraft:torch":3,"minecraft:dirt":8,"minecraft:mutton":7,"minecraft:granite":11,"minecraft:wooden_axe":47,"minecraft:iron_axe":6,"ironfurnaces:iron_furnace":1,"minecraft:dark_oak_boat":4,"minecraft:furnace":1,"minecraft:egg":1,"minecraft:cooked_beef":2,"minecraft:brown_bed":1,"minecraft:cobbled_deepslate":53,"minecraft:cooked_mutton":6,"minecraft:water_bucket":2,"minecraft:diorite":3,"minecraft:stone_pickaxe":56,"minecraft:wooden_pickaxe":58,"minecraft:white_wool":2,"minecraft:golden_apple":1,"minecraft:sand":3,"minecraft:crafting_table":7,"minecraft:yellow_concrete":2,"minecraft:white_bed":4,"minecraft:wooden_hoe":15,"minecraft:diamond_pickaxe":217,"tombstone:grave_key":1,"minecraft:chicken":2,"minecraft:stone_axe":30,"minecraft:bread":49,"bossominium:charred_steak":33,"minecraft:diamond_sword":375,"minecraft:cobblestone":49,"minecraft:cooked_porkchop":11,"minecraft:bucket":3,"minecraft:andesite":6},"minecraft:crafted":{"minecraft:oak_planks":20,"vanillaplustools:stone_hammer":1,"minecraft:dark_oak_boat":1,"minecraft:furnace":1,"sophisticatedbackpacks:crafting_upgrade":1,"alexscaves:cave_map":1,"minecraft:cooked_mutton":2,"sophisticatedbackpacks:smelting_upgrade":1,"iceandfire:armor_black_helmet":1,"minecraft:stone_pickaxe":9,"minecraft:chest":3,"minecraft:dark_oak_planks":8,"sophisticatedbackpacks:iron_backpack":1,"minecraft:wheat":135,"minecraft:cooked_beef":2,"minecraft:cooked_porkchop":8,"minecraft:crafting_table":1,"minecraft:wooden_pickaxe":1,"sophisticatedbackpacks:gold_backpack":1,"minecraft:bucket":1,"minecraft:acacia_button":1,"minecraft:stone_axe":1,"sophisticatedbackpacks:upgrade_base":2,"minecraft:bread":45,"minecraft:air":0,"minecraft:iron_leggings":1,"minecraft:iron_chestplate":1,"minecraft:wooden_hoe":1,"sophisticatedbackpacks:auto_smelting_upgrade":1,"minecraft:stick":20,"sophisticatedbackpacks:diamond_backpack":1,"minecraft:iron_ingot":0,"minecraft:wooden_axe":1,"minecraft:white_bed":1,"minecraft:acacia_planks":36,"minecraft:torch":4},"minecraft:killed_by":{"minecraft:player":1,"born_in_chaos_v1:fallen_chaos_knight":1},"minecraft:killed":{"born_in_chaos_v1:zombie_clown":1,"minecraft:cave_spider":5,"born_in_chaos_v1:zombie_lumberjack":3,"born_in_chaos_v1:restless_spirit":1,"minecraft:spider":3,"born_in_chaos_v1:thornshell_crab":1,"born_in_chaos_v1:baby_skeleton_minion":1,"born_in_chaos_v1:maggot":5,"minecraft:skeleton":3,"born_in_chaos_v1:corpse_fish":3,"enemyexpansion:scorpion":2,"enemyexpansion:starved":1,"born_in_chaos_v1:fallen_chaos_knight":1,"born_in_chaos_v1:bonescaller":1,"iceandfire:cyclops":1,"born_in_chaos_v1:baby_skeleton":1,"enemyexpansion:sprinter":1,"minecraft:creeper":2,"born_in_chaos_v1:decrepit_skeleton":3,"minecraft:sheep":8,"minecraft:zombie":5,"born_in_chaos_v1:dread_hound":1,"born_in_chaos_v1:corpse_fly":2,"enemyexpansion:botfly":5,"enemyexpansion:huntsman":1,"minecraft:stray":1,"born_in_chaos_v1:nightmare_stalker":1,"born_in_chaos_v1:door_knight":2},"minecraft:picked_up":{"iceandfire:deathworm_egg":1,"minecraft:crafting_table":7,"minecraft:chicken":2,"minecraft:redstone_block":6,"born_in_chaos_v1:seedof_chaos":1,"minecraft:leather_leggings":2,"minecraft:lead":1,"minecraft:diamond_sword":2,"minecraft:wooden_pickaxe":1,"minecraft:gold_block":2,"minecraft:brown_bed":1,"minecraft:potion":1,"minecraft:blue_concrete":5,"minecraft:shield":1,"born_in_chaos_v1:black_argillite":3,"minecraft:string":39,"minecraft:iron_axe":1,"minecraft:iron_leggings":1,"minecraft:sticky_piston":6,"minecraft:candle":3,"minecraft:cobbled_deepslate":93,"minecraft:chest":1,"minecraft:egg":1,"minecraft:iron_boots":1,"minecraft:furnace":1,"minecraft:raw_iron":61,"minecraft:stick":11,"minecraft:sandstone":2,"iceandfire:dragonbone":3,"apotheosis:gem":4,"minecraft:oak_fence":2,"minecraft:torch":5,"minecraft:acacia_log":18,"iceandfire:lightning_dragon_flesh":2,"minecraft:diorite":16,"born_in_chaos_v1:nightmare_claw":2,"iceandfire:deathworm_chitin_white":1,"minecraft:redstone":82,"minecraft:orange_bed":2,"minecraft:arrow":3,"minecraft:rotten_flesh":31,"iceandfire:deathworm_chitin_yellow":6,"minecraft:hay_block":15,"minecraft:yellow_terracotta":1,"minecraft:gold_ingot":16,"minecraft:mutton":20,"minecraft:rail":1,"minecraft:skeleton_skull":6,"minecraft:white_wool":10,"minecraft:cobblestone":173,"iceandfire:dragonscales_black":16,"born_in_chaos_v1:corpse_maggot":6,"born_in_chaos_v1:staffof_magic_arrows":1,"minecraft:repeater":4,"born_in_chaos_v1:monster_flesh":4,"minecraft:andesite":10,"minecraft:leather":1,"minecraft:dark_oak_boat":3,"minecraft:acacia_wood":1,"minecraft:flint":1,"minecraft:tuff":2,"minecraft:oak_log":10,"born_in_chaos_v1:black_argillite_button":1,"minecraft:gunpowder":3,"enemyexpansion:scorpion_tail":1,"minecraft:dirt":18,"minecraft:paper":9,"born_in_chaos_v1:nightmare_stalker_skull":1,"minecraft:orange_terracotta":1,"minecraft:bone":10,"minecraft:stone_bricks":9,"minecraft:kelp":1,"minecraft:wheat_seeds":20,"minecraft:iron_ingot":3,"tombstone:bag_of_seeds":1,"minecraft:mossy_stone_bricks":3,"minecraft:diamond_helmet":1,"ironfurnaces:iron_furnace":1,"minecraft:acacia_sapling":4,"minecraft:book":27,"minecraft:cooked_porkchop":3,"minecraft:yellow_concrete":2,"minecraft:gravel":4,"minecraft:spider_eye":2,"minecraft:sand":34,"minecraft:blast_furnace":1,"sophisticatedbackpacks:iron_backpack":1,"minecraft:white_bed":3,"iceandfire:lightning_dragon_heart":1,"minecraft:acacia_stairs":2,"minecraft:dark_oak_log":3,"ava:fn_fnc_dreamcatcher":1,"cataclysm:lionfish":1,"born_in_chaos_v1:fire_dust":1,"minecraft:diamond":42,"minecraft:granite":20,"minecraft:golden_apple":1,"alexscaves:cave_map":1,"born_in_chaos_v1:rotten_fish":4,"tombstone:magic_scroll":2,"minecraft:oak_sapling":3,"minecraft:melon_seeds":3,"minecraft:coal":3,"minecraft:diamond_pickaxe":1}},"DataVersion":3465}