{"stats":{"minecraft:picked_up":{"iceandfire:deathworm_egg":1,"minecraft:redstone_block":6,"minecraft:chainmail_boots":1,"minecraft:lead":1,"minecraft:diamond_sword":2,"minecraft:brown_bed":1,"minecraft:potion":1,"minecraft:brewing_stand":1,"minecraft:blue_concrete":5,"born_in_chaos_v1:black_argillite":9,"minecraft:string":46,"minecraft:iron_leggings":1,"minecraft:sticky_piston":6,"minecraft:cobbled_deepslate":388,"minecraft:waxed_weathered_copper":1,"minecraft:furnace":1,"minecraft:iron_boots":1,"minecraft:stick":11,"apotheosis:gem":4,"minecraft:big_dripleaf":2,"minecraft:oak_fence":2,"minecraft:torch":5,"minecraft:acacia_log":18,"iceandfire:lightning_dragon_flesh":2,"minecraft:golden_axe":1,"minecraft:diorite":16,"born_in_chaos_v1:nightmare_claw":2,"minecraft:warped_planks":16,"minecraft:orange_bed":4,"minecraft:rotten_flesh":43,"iceandfire:deathworm_chitin_yellow":6,"minecraft:iron_block":1,"minecraft:obsidian":1,"minecraft:blaze_powder":1,"minecraft:cobblestone":215,"iceandfire:dragonscales_black":16,"born_in_chaos_v1:staffof_magic_arrows":1,"minecraft:cooked_beef":9,"minecraft:repeater":4,"minecraft:andesite":27,"minecraft:dark_oak_boat":3,"paraglider:spirit_orb":4,"minecraft:flint":1,"minecraft:tuff":73,"born_in_chaos_v1:black_argillite_button":1,"minecraft:dirt":18,"born_in_chaos_v1:nightmare_stalker_skull":1,"minecraft:name_tag":1,"minecraft:leather_boots":1,"minecraft:bone":25,"minecraft:bow":1,"minecraft:wheat_seeds":20,"minecraft:raw_gold":1,"minecraft:glowstone_dust":1,"minecraft:mossy_stone_bricks":3,"minecraft:diamond_helmet":1,"ironfurnaces:iron_furnace":1,"minecraft:ghast_tear":1,"minecraft:cooked_porkchop":3,"alexscaves:uranium":24,"minecraft:sand":34,"sophisticatedbackpacks:iron_backpack":1,"iceandfire:lightning_dragon_heart":1,"minecraft:acacia_stairs":2,"iceandfire:dragonbone_sword_lightning":1,"minecraft:dark_oak_log":3,"cataclysm:lionfish":1,"born_in_chaos_v1:fire_dust":1,"minecraft:diamond":42,"minecraft:granite":20,"minecraft:golden_apple":1,"minecraft:emerald":6,"minecraft:oak_sapling":3,"born_in_chaos_v1:rotten_fish":4,"minecraft:diamond_pickaxe":1,"minecraft:crafting_table":7,"minecraft:chicken":2,"born_in_chaos_v1:seedof_chaos":1,"minecraft:leather_leggings":2,"minecraft:wooden_pickaxe":1,"minecraft:gold_block":2,"minecraft:shield":1,"minecraft:iron_axe":1,"minecraft:item_frame":1,"minecraft:candle":3,"minecraft:chest":1,"minecraft:egg":1,"minecraft:raw_iron":68,"minecraft:sandstone":2,"iceandfire:dragonbone":3,"minecraft:quartz_pillar":1,"minecraft:trident":1,"iceandfire:deathworm_chitin_white":1,"minecraft:redstone":82,"minecraft:arrow":9,"minecraft:hay_block":15,"minecraft:yellow_terracotta":1,"minecraft:gold_ingot":16,"minecraft:mutton":20,"minecraft:rail":1,"minecraft:skeleton_skull":6,"minecraft:white_wool":10,"born_in_chaos_v1:corpse_maggot":7,"born_in_chaos_v1:monster_flesh":4,"minecraft:leather":1,"minecraft:acacia_wood":1,"minecraft:oak_log":12,"minecraft:chainmail_chestplate":1,"minecraft:cobbled_deepslate_stairs":4,"minecraft:gunpowder":3,"enemyexpansion:scorpion_tail":1,"minecraft:paper":9,"minecraft:orange_terracotta":1,"minecraft:stone_bricks":9,"minecraft:kelp":1,"minecraft:iron_ingot":3,"alexscaves:radrock":459,"tombstone:bag_of_seeds":1,"minecraft:oxidized_cut_copper":7,"minecraft:acacia_sapling":4,"minecraft:book":27,"minecraft:yellow_concrete":2,"minecraft:gravel":4,"minecraft:amethyst_shard":6,"minecraft:blast_furnace":1,"minecraft:white_bed":3,"minecraft:spider_eye":3,"minecraft:leather_helmet":1,"ava:fn_fnc_dreamcatcher":1,"alexscaves:cave_map":1,"tombstone:magic_scroll":2,"minecraft:melon_seeds":3,"minecraft:coal":3},"minecraft:broken":{"minecraft:diamond_helmet":1,"minecraft:iron_boots":1,"minecraft:iron_chestplate":2,"minecraft:iron_leggings":1,"minecraft:wooden_axe":1,"minecraft:chainmail_helmet":1,"minecraft:wooden_pickaxe":1,"minecraft:shield":1},"minecraft:dropped":{"sophisticatedbackpacks:iron_backpack":1,"minecraft:acacia_wood":1,"minecraft:candle":3,"minecraft:oak_log":5,"minecraft:diamond":4,"cataclysm:lionfish":1,"minecraft:quartz_pillar":1,"born_in_chaos_v1:nightmare_claw":2,"minecraft:leather_helmet":1,"born_in_chaos_v1:monster_flesh":4,"minecraft:dirt":10,"tombstone:bag_of_seeds":1,"minecraft:mutton":5,"alexscaves:cave_map":2,"minecraft:sand":47,"minecraft:bone":10,"minecraft:gold_ingot":2,"minecraft:gravel":4,"minecraft:sugar_cane":1,"born_in_chaos_v1:fire_dust":1,"minecraft:cobbled_deepslate":84,"alexscaves:radrock":394,"alexscaves:cave_tablet":6,"tombstone:gift":2,"minecraft:waxed_weathered_copper":1,"minecraft:rotten_flesh":35,"minecraft:acacia_stairs":2,"minecraft:warped_planks":15,"patchouli:guide_book":1,"minecraft:acacia_button":1,"minecraft:chainmail_chestplate":1,"born_in_chaos_v1:seedof_chaos":1,"minecraft:gunpowder":2,"minecraft:leather_boots":1,"minecraft:melon_seeds":2,"born_in_chaos_v1:corpse_maggot":7,"apotheosis:gem":3,"minecraft:acacia_sapling":5,"iceandfire:deathworm_chitin_white":1,"minecraft:leather_leggings":2,"minecraft:arrow":3,"iceandfire:deathworm_chitin_yellow":6,"minecraft:iron_ingot":17,"minecraft:wheat_seeds":18,"minecraft:cobbled_deepslate_stairs":4,"iceandfire:deathworm_egg":1,"minecraft:oxidized_cut_copper":7,"minecraft:oak_fence":1,"minecraft:yellow_terracotta":6,"minecraft:cobblestone":11,"enemyexpansion:scorpion_tail":1,"minecraft:granite":9,"minecraft:acacia_log":9,"bossominium:the_bossdexium":1,"minecraft:stick":4,"born_in_chaos_v1:black_argillite":9,"minecraft:diorite":13,"minecraft:iron_door":1,"minecraft:string":3,"minecraft:kelp":1,"minecraft:tuff":73,"minecraft:raw_iron":7,"born_in_chaos_v1:rotten_fish":4,"born_in_chaos_v1:black_argillite_button":1,"minecraft:blue_concrete":5,"minecraft:filled_map":1,"minecraft:diamond_sword":1,"minecraft:big_dripleaf":2,"minecraft:orange_terracotta":3,"minecraft:andesite":21,"minecraft:mossy_stone_bricks":3,"minecraft:oak_sapling":3,"minecraft:spider_eye":2,"minecraft:stone_bricks":9,"minecraft:sandstone":2,"minecraft:wooden_pickaxe":1},"minecraft:mined":{"minecraft:dark_oak_planks":1,"minecraft:white_bed":3,"minecraft:cobbled_deepslate_stairs":4,"minecraft:brewing_stand":1,"minecraft:obsidian":1,"minecraft:granite":20,"minecraft:acacia_log":18,"minecraft:grass_block":3,"minecraft:blue_concrete":3,"minecraft:spawner":4,"minecraft:cobbled_deepslate":12,"minecraft:sticky_piston":4,"minecraft:iron_ore":75,"born_in_chaos_v1:black_argillite_brick_slab":4,"minecraft:fire":19,"minecraft:orange_bed":4,"minecraft:piston_head":2,"minecraft:deepslate_redstone_ore":13,"minecraft:torch":3,"minecraft:blast_furnace":1,"minecraft:dead_bush":2,"minecraft:glass":2,"minecraft:cobblestone":10,"born_in_chaos_v1:black_argillite_button":1,"minecraft:skeleton_skull":6,"minecraft:repeater":4,"minecraft:warped_planks":1,"minecraft:wheat":1,"minecraft:grass":22,"minecraft:oak_log":11,"minecraft:sand":23,"minecraft:dirt":7,"minecraft:oak_leaves":10,"minecraft:deepslate":360,"minecraft:infested_deepslate":1,"minecraft:diamond_ore":1,"minecraft:tuff":75,"minecraft:deepslate_diamond_ore":34,"alexscaves:radrock":478,"minecraft:dark_oak_log":3,"born_in_chaos_v1:black_argillite":9,"minecraft:white_stained_glass":1,"minecraft:redstone_wire":30,"minecraft:hay_block":15,"alexscaves:radrock_uranium_ore":19,"minecraft:furnace":1,"minecraft:suspicious_sand":2,"minecraft:andesite":22,"minecraft:big_dripleaf_stem":1,"minecraft:bookshelf":9,"minecraft:deepslate_iron_ore":21,"minecraft:vine":4,"minecraft:stone":177,"minecraft:white_wool":2,"minecraft:redstone_block":6,"minecraft:oak_fence":4,"minecraft:crafting_table":5,"born_in_chaos_v1:chipped_black_argillite_brick":2,"minecraft:diorite":19,"minecraft:birch_leaves":1,"minecraft:quartz_pillar":2,"minecraft:coal_ore":22,"minecraft:gravel":6,"minecraft:dripstone_block":2,"minecraft:lodestone":1,"minecraft:cobweb":33,"minecraft:stone_bricks":9,"minecraft:mossy_stone_bricks":1,"minecraft:gold_ore":1,"minecraft:fern":2},"minecraft:custom":{"minecraft:interact_with_crafting_table":38,"minecraft:open_barrel":12,"minecraft:leave_game":2,"minecraft:time_since_death":5336,"minecraft:damage_resisted":236,"minecraft:sprint_one_cm":889921,"minecraft:damage_blocked_by_shield":2398,"minecraft:drop":153,"minecraft:talked_to_villager":3,"minecraft:play_time":298183,"minecraft:deaths":19,"minecraft:jump":4952,"minecraft:walk_on_water_one_cm":59418,"minecraft:interact_with_furnace":27,"minecraft:interact_with_loom":2,"minecraft:sleep_in_bed":6,"minecraft:waystone_activated":2,"minecraft:damage_dealt":23523,"minecraft:player_kills":3,"minecraft:crouch_one_cm":29778,"tombstone:undead_killed":39,"minecraft:inspect_dispenser":4,"minecraft:mob_kills":94,"minecraft:damage_dealt_resisted":2781,"minecraft:climb_one_cm":6972,"minecraft:walk_one_cm":495202,"minecraft:damage_dealt_absorbed":59,"minecraft:sneak_time":12185,"minecraft:walk_under_water_one_cm":40161,"minecraft:boat_one_cm":348076,"minecraft:total_world_time":298183,"minecraft:interact_with_grindstone":6,"minecraft:time_since_rest":4952,"minecraft:damage_taken":18930,"minecraft:damage_absorbed":301,"minecraft:trigger_trapped_chest":7,"minecraft:swim_one_cm":130272,"minecraft:fly_one_cm":1012160,"minecraft:open_chest":53,"minecraft:fall_one_cm":143087},"minecraft:killed":{"born_in_chaos_v1:zombie_clown":1,"minecraft:cave_spider":5,"born_in_chaos_v1:restless_spirit":1,"born_in_chaos_v1:zombie_lumberjack":3,"minecraft:spider":6,"born_in_chaos_v1:siamese_skeletonsright":1,"born_in_chaos_v1:baby_skeleton_minion":1,"minecraft:skeleton":4,"born_in_chaos_v1:bonescaller":1,"minecraft:creeper":2,"minecraft:sheep":8,"minecraft:zombie":12,"born_in_chaos_v1:dread_hound":1,"enemyexpansion:vampire":1,"born_in_chaos_v1:corpse_fly":2,"enemyexpansion:botfly":5,"minecraft:stray":1,"born_in_chaos_v1:door_knight":2,"born_in_chaos_v1:siamese_skeletonsleft":1,"born_in_chaos_v1:thornshell_crab":1,"born_in_chaos_v1:zombie_bruiser":1,"born_in_chaos_v1:maggot":8,"born_in_chaos_v1:corpse_fish":3,"enemyexpansion:scorpion":2,"enemyexpansion:starved":1,"born_in_chaos_v1:fallen_chaos_knight":1,"iceandfire:cyclops":1,"born_in_chaos_v1:baby_skeleton":1,"enemyexpansion:troll":1,"enemyexpansion:sprinter":2,"born_in_chaos_v1:decrepit_skeleton":4,"enemyexpansion:huntsman":1,"born_in_chaos_v1:nightmare_stalker":1},"minecraft:used":{"minecraft:iron_shovel":21,"minecraft:shield":49,"minecraft:rotten_flesh":8,"minecraft:mutton":7,"minecraft:axolotl_bucket":2,"minecraft:obsidian":1,"minecraft:lava_bucket":11,"minecraft:item_frame":1,"ironfurnaces:iron_furnace":1,"minecraft:bow":6,"minecraft:dark_oak_boat":4,"minecraft:furnace":1,"minecraft:egg":1,"minecraft:diorite":3,"minecraft:stone_pickaxe":56,"minecraft:wooden_pickaxe":58,"minecraft:white_wool":2,"minecraft:golden_apple":9,"minecraft:sand":3,"minecraft:yellow_concrete":2,"iceandfire:dragonbone_sword_lightning":88,"minecraft:bread":49,"minecraft:deepslate":1,"tombstone:grave_key":2,"bossominium:charred_steak":33,"minecraft:diamond_sword":496,"minecraft:andesite":6,"minecraft:oak_fence":1,"minecraft:trident":1,"minecraft:flint_and_steel":1,"vanillaplustools:stone_hammer":126,"minecraft:orange_bed":4,"minecraft:torch":4,"minecraft:dirt":8,"minecraft:granite":11,"minecraft:wooden_axe":47,"minecraft:iron_axe":7,"minecraft:cooked_beef":4,"minecraft:cobbled_deepslate":176,"minecraft:brown_bed":1,"minecraft:cooked_mutton":25,"minecraft:water_bucket":16,"minecraft:crafting_table":7,"minecraft:white_bed":5,"minecraft:warped_planks":1,"minecraft:wooden_hoe":15,"minecraft:diamond_pickaxe":367,"minecraft:chicken":2,"minecraft:stone_axe":33,"minecraft:cobblestone":81,"minecraft:cooked_porkchop":11,"minecraft:bucket":30,"alexscaves:radrock":15},"minecraft:crafted":{"minecraft:oak_planks":20,"minecraft:dark_oak_boat":1,"sophisticatedbackpacks:crafting_upgrade":1,"minecraft:cooked_mutton":2,"sophisticatedbackpacks:smelting_upgrade":1,"minecraft:iron_boots":2,"iceandfire:armor_black_helmet":1,"minecraft:chest":3,"minecraft:cooked_porkchop":8,"minecraft:crafting_table":1,"minecraft:wooden_pickaxe":1,"minecraft:iron_helmet":1,"minecraft:acacia_button":1,"sophisticatedbackpacks:upgrade_base":3,"minecraft:iron_chestplate":2,"minecraft:wooden_hoe":1,"minecraft:shield":1,"minecraft:iron_ingot":9,"sophisticatedbackpacks:diamond_backpack":1,"minecraft:stick":20,"sophisticatedbackpacks:auto_smelting_upgrade":1,"sophisticatedbackpacks:advanced_pickup_upgrade":1,"vanillaplustools:stone_hammer":1,"minecraft:furnace":1,"alexscaves:cave_map":1,"minecraft:flint_and_steel":1,"minecraft:stone_pickaxe":9,"minecraft:dark_oak_planks":8,"minecraft:wheat":135,"sophisticatedbackpacks:iron_backpack":1,"minecraft:cooked_beef":2,"sophisticatedbackpacks:gold_backpack":1,"minecraft:bucket":1,"minecraft:stone_axe":1,"minecraft:bread":45,"minecraft:air":0,"sophisticatedbackpacks:pickup_upgrade":1,"minecraft:wooden_axe":1,"minecraft:iron_leggings":2,"minecraft:white_bed":2,"minecraft:acacia_planks":36,"minecraft:torch":4},"minecraft:killed_by":{"minecraft:player":2,"minecraft:stray":3,"born_in_chaos_v1:fallen_chaos_knight":1}},"DataVersion":3465}