{"stats":{"minecraft:broken":{"minecraft:diamond_helmet":1,"minecraft:iron_chestplate":1,"minecraft:wooden_axe":1,"minecraft:wooden_pickaxe":1,"minecraft:shield":1},"minecraft:custom":{"minecraft:interact_with_crafting_table":38,"minecraft:open_barrel":8,"minecraft:leave_game":2,"minecraft:time_since_death":40756,"minecraft:damage_resisted":236,"minecraft:sprint_one_cm":775923,"minecraft:damage_blocked_by_shield":1973,"minecraft:drop":140,"minecraft:talked_to_villager":3,"minecraft:play_time":266747,"minecraft:deaths":12,"minecraft:jump":4425,"minecraft:walk_on_water_one_cm":52870,"minecraft:interact_with_furnace":27,"minecraft:interact_with_loom":2,"minecraft:sleep_in_bed":6,"minecraft:waystone_activated":2,"minecraft:damage_dealt":18262,"minecraft:player_kills":3,"minecraft:crouch_one_cm":25094,"tombstone:undead_killed":37,"minecraft:mob_kills":86,"minecraft:damage_dealt_resisted":744,"minecraft:climb_one_cm":6972,"minecraft:walk_one_cm":421833,"minecraft:damage_dealt_absorbed":14,"minecraft:sneak_time":10814,"minecraft:walk_under_water_one_cm":37558,"minecraft:boat_one_cm":348076,"minecraft:total_world_time":266747,"minecraft:interact_with_grindstone":6,"minecraft:time_since_rest":40703,"minecraft:damage_taken":15413,"minecraft:damage_absorbed":32,"minecraft:trigger_trapped_chest":7,"minecraft:swim_one_cm":126619,"minecraft:fly_one_cm":930914,"minecraft:open_chest":49,"minecraft:fall_one_cm":136135},"minecraft:dropped":{"sophisticatedbackpacks:iron_backpack":1,"minecraft:acacia_wood":1,"minecraft:candle":3,"minecraft:oak_log":5,"minecraft:diamond":4,"cataclysm:lionfish":1,"born_in_chaos_v1:nightmare_claw":2,"born_in_chaos_v1:monster_flesh":4,"minecraft:dirt":10,"tombstone:bag_of_seeds":1,"minecraft:mutton":5,"alexscaves:cave_map":2,"minecraft:sand":47,"minecraft:gold_ingot":2,"minecraft:bone":10,"minecraft:gravel":4,"minecraft:sugar_cane":1,"born_in_chaos_v1:fire_dust":1,"minecraft:cobbled_deepslate":83,"alexscaves:radrock":394,"alexscaves:cave_tablet":6,"tombstone:gift":2,"minecraft:rotten_flesh":33,"minecraft:acacia_stairs":2,"patchouli:guide_book":1,"minecraft:acacia_button":1,"born_in_chaos_v1:seedof_chaos":1,"minecraft:gunpowder":2,"born_in_chaos_v1:corpse_maggot":7,"minecraft:melon_seeds":2,"apotheosis:gem":3,"minecraft:acacia_sapling":5,"minecraft:leather_leggings":2,"iceandfire:deathworm_chitin_white":1,"minecraft:arrow":3,"iceandfire:deathworm_chitin_yellow":6,"minecraft:iron_ingot":8,"minecraft:wheat_seeds":18,"minecraft:cobbled_deepslate_stairs":4,"iceandfire:deathworm_egg":1,"minecraft:oak_fence":1,"minecraft:yellow_terracotta":6,"minecraft:cobblestone":10,"enemyexpansion:scorpion_tail":1,"minecraft:granite":9,"minecraft:acacia_log":9,"bossominium:the_bossdexium":1,"minecraft:stick":4,"born_in_chaos_v1:black_argillite":9,"minecraft:diorite":13,"minecraft:iron_door":1,"minecraft:string":2,"minecraft:kelp":1,"minecraft:tuff":67,"minecraft:raw_iron":7,"born_in_chaos_v1:rotten_fish":4,"born_in_chaos_v1:black_argillite_button":1,"minecraft:blue_concrete":5,"minecraft:filled_map":1,"minecraft:diamond_sword":1,"minecraft:big_dripleaf":2,"minecraft:orange_terracotta":3,"minecraft:andesite":21,"minecraft:mossy_stone_bricks":3,"minecraft:oak_sapling":3,"minecraft:spider_eye":2,"minecraft:stone_bricks":9,"minecraft:sandstone":2,"minecraft:wooden_pickaxe":1},"minecraft:mined":{"minecraft:dark_oak_planks":1,"minecraft:white_bed":3,"minecraft:cobbled_deepslate_stairs":4,"minecraft:obsidian":1,"minecraft:granite":19,"minecraft:acacia_log":18,"minecraft:grass_block":3,"minecraft:blue_concrete":3,"minecraft:spawner":3,"minecraft:cobbled_deepslate":12,"minecraft:sticky_piston":4,"minecraft:iron_ore":75,"born_in_chaos_v1:black_argillite_brick_slab":4,"minecraft:fire":12,"minecraft:orange_bed":4,"minecraft:piston_head":2,"minecraft:deepslate_redstone_ore":13,"minecraft:torch":3,"minecraft:blast_furnace":1,"minecraft:dead_bush":2,"minecraft:cobblestone":10,"born_in_chaos_v1:black_argillite_button":1,"minecraft:skeleton_skull":6,"minecraft:repeater":4,"minecraft:wheat":1,"minecraft:grass":22,"minecraft:oak_log":11,"minecraft:sand":23,"minecraft:dirt":7,"minecraft:oak_leaves":10,"minecraft:deepslate":358,"minecraft:infested_deepslate":1,"minecraft:diamond_ore":1,"minecraft:tuff":75,"minecraft:deepslate_diamond_ore":32,"alexscaves:radrock":476,"minecraft:dark_oak_log":3,"born_in_chaos_v1:black_argillite":9,"minecraft:redstone_wire":30,"minecraft:hay_block":15,"alexscaves:radrock_uranium_ore":19,"minecraft:furnace":1,"minecraft:suspicious_sand":2,"minecraft:andesite":22,"minecraft:big_dripleaf_stem":1,"minecraft:bookshelf":9,"minecraft:deepslate_iron_ore":21,"minecraft:vine":3,"minecraft:stone":177,"minecraft:white_wool":2,"minecraft:redstone_block":6,"minecraft:oak_fence":4,"minecraft:crafting_table":5,"born_in_chaos_v1:chipped_black_argillite_brick":2,"minecraft:diorite":19,"minecraft:birch_leaves":1,"minecraft:coal_ore":22,"minecraft:gravel":6,"minecraft:lodestone":1,"minecraft:cobweb":31,"minecraft:stone_bricks":9,"minecraft:mossy_stone_bricks":1,"minecraft:gold_ore":1,"minecraft:fern":2},"minecraft:used":{"minecraft:iron_shovel":21,"minecraft:shield":41,"minecraft:rotten_flesh":8,"minecraft:mutton":7,"minecraft:axolotl_bucket":2,"minecraft:obsidian":1,"minecraft:lava_bucket":11,"ironfurnaces:iron_furnace":1,"minecraft:dark_oak_boat":4,"minecraft:furnace":1,"minecraft:egg":1,"minecraft:diorite":3,"minecraft:stone_pickaxe":56,"minecraft:wooden_pickaxe":58,"minecraft:white_wool":2,"minecraft:golden_apple":1,"minecraft:sand":3,"minecraft:yellow_concrete":2,"minecraft:bread":49,"tombstone:grave_key":2,"bossominium:charred_steak":33,"minecraft:diamond_sword":482,"minecraft:andesite":6,"minecraft:oak_fence":1,"minecraft:trident":1,"minecraft:flint_and_steel":1,"vanillaplustools:stone_hammer":126,"minecraft:orange_bed":4,"minecraft:torch":4,"minecraft:dirt":8,"minecraft:granite":11,"minecraft:wooden_axe":47,"minecraft:iron_axe":6,"minecraft:cooked_beef":2,"minecraft:cobbled_deepslate":122,"minecraft:brown_bed":1,"minecraft:cooked_mutton":18,"minecraft:water_bucket":10,"minecraft:crafting_table":7,"minecraft:white_bed":4,"minecraft:wooden_hoe":15,"minecraft:diamond_pickaxe":352,"minecraft:chicken":2,"minecraft:stone_axe":32,"minecraft:cobblestone":81,"minecraft:cooked_porkchop":11,"minecraft:bucket":24},"minecraft:crafted":{"minecraft:oak_planks":20,"minecraft:dark_oak_boat":1,"sophisticatedbackpacks:crafting_upgrade":1,"minecraft:cooked_mutton":2,"sophisticatedbackpacks:smelting_upgrade":1,"iceandfire:armor_black_helmet":1,"minecraft:chest":3,"minecraft:cooked_porkchop":8,"minecraft:crafting_table":1,"minecraft:wooden_pickaxe":1,"minecraft:acacia_button":1,"sophisticatedbackpacks:upgrade_base":3,"minecraft:wooden_hoe":1,"minecraft:iron_chestplate":1,"minecraft:shield":1,"sophisticatedbackpacks:diamond_backpack":1,"minecraft:stick":20,"minecraft:iron_ingot":0,"sophisticatedbackpacks:auto_smelting_upgrade":1,"sophisticatedbackpacks:advanced_pickup_upgrade":1,"vanillaplustools:stone_hammer":1,"minecraft:furnace":1,"alexscaves:cave_map":1,"minecraft:flint_and_steel":1,"minecraft:stone_pickaxe":9,"minecraft:dark_oak_planks":8,"minecraft:wheat":135,"sophisticatedbackpacks:iron_backpack":1,"minecraft:cooked_beef":2,"sophisticatedbackpacks:gold_backpack":1,"minecraft:bucket":1,"minecraft:stone_axe":1,"minecraft:bread":45,"minecraft:air":0,"sophisticatedbackpacks:pickup_upgrade":1,"minecraft:wooden_axe":1,"minecraft:iron_leggings":1,"minecraft:white_bed":1,"minecraft:acacia_planks":36,"minecraft:torch":4},"minecraft:killed_by":{"minecraft:player":1,"born_in_chaos_v1:fallen_chaos_knight":1},"minecraft:killed":{"born_in_chaos_v1:zombie_clown":1,"minecraft:cave_spider":5,"born_in_chaos_v1:restless_spirit":1,"born_in_chaos_v1:zombie_lumberjack":3,"minecraft:spider":6,"born_in_chaos_v1:siamese_skeletonsright":1,"born_in_chaos_v1:baby_skeleton_minion":1,"minecraft:skeleton":3,"born_in_chaos_v1:bonescaller":1,"minecraft:creeper":2,"minecraft:sheep":8,"minecraft:zombie":11,"born_in_chaos_v1:dread_hound":1,"enemyexpansion:vampire":1,"born_in_chaos_v1:corpse_fly":2,"enemyexpansion:botfly":5,"minecraft:stray":1,"born_in_chaos_v1:door_knight":2,"born_in_chaos_v1:siamese_skeletonsleft":1,"born_in_chaos_v1:thornshell_crab":1,"born_in_chaos_v1:zombie_bruiser":1,"born_in_chaos_v1:maggot":8,"born_in_chaos_v1:corpse_fish":3,"enemyexpansion:scorpion":2,"enemyexpansion:starved":1,"born_in_chaos_v1:fallen_chaos_knight":1,"iceandfire:cyclops":1,"born_in_chaos_v1:baby_skeleton":1,"enemyexpansion:troll":1,"enemyexpansion:sprinter":2,"born_in_chaos_v1:decrepit_skeleton":4,"enemyexpansion:huntsman":1,"born_in_chaos_v1:nightmare_stalker":1},"minecraft:picked_up":{"iceandfire:deathworm_egg":1,"minecraft:chainmail_boots":1,"minecraft:redstone_block":6,"minecraft:lead":1,"minecraft:diamond_sword":2,"minecraft:brown_bed":1,"minecraft:potion":1,"minecraft:blue_concrete":5,"born_in_chaos_v1:black_argillite":9,"minecraft:string":43,"minecraft:iron_leggings":1,"minecraft:sticky_piston":6,"minecraft:cobbled_deepslate":386,"minecraft:furnace":1,"minecraft:iron_boots":1,"minecraft:stick":11,"apotheosis:gem":4,"minecraft:big_dripleaf":2,"minecraft:oak_fence":2,"minecraft:torch":5,"minecraft:acacia_log":18,"iceandfire:lightning_dragon_flesh":2,"minecraft:golden_axe":1,"minecraft:diorite":16,"born_in_chaos_v1:nightmare_claw":2,"minecraft:orange_bed":4,"minecraft:rotten_flesh":41,"iceandfire:deathworm_chitin_yellow":6,"minecraft:obsidian":1,"minecraft:cobblestone":215,"iceandfire:dragonscales_black":16,"born_in_chaos_v1:staffof_magic_arrows":1,"minecraft:repeater":4,"minecraft:andesite":27,"minecraft:dark_oak_boat":3,"paraglider:spirit_orb":2,"minecraft:flint":1,"minecraft:tuff":73,"born_in_chaos_v1:black_argillite_button":1,"minecraft:dirt":18,"born_in_chaos_v1:nightmare_stalker_skull":1,"minecraft:name_tag":1,"minecraft:bone":15,"minecraft:wheat_seeds":20,"minecraft:raw_gold":1,"minecraft:mossy_stone_bricks":3,"minecraft:diamond_helmet":1,"ironfurnaces:iron_furnace":1,"minecraft:cooked_porkchop":3,"alexscaves:uranium":24,"minecraft:sand":34,"sophisticatedbackpacks:iron_backpack":1,"iceandfire:lightning_dragon_heart":1,"minecraft:acacia_stairs":2,"minecraft:dark_oak_log":3,"cataclysm:lionfish":1,"born_in_chaos_v1:fire_dust":1,"minecraft:diamond":42,"minecraft:granite":20,"minecraft:golden_apple":1,"minecraft:oak_sapling":3,"born_in_chaos_v1:rotten_fish":4,"minecraft:diamond_pickaxe":1,"minecraft:crafting_table":7,"minecraft:chicken":2,"born_in_chaos_v1:seedof_chaos":1,"minecraft:leather_leggings":2,"minecraft:wooden_pickaxe":1,"minecraft:gold_block":2,"minecraft:shield":1,"minecraft:iron_axe":1,"minecraft:candle":3,"minecraft:chest":1,"minecraft:egg":1,"minecraft:raw_iron":68,"minecraft:sandstone":2,"iceandfire:dragonbone":3,"minecraft:trident":1,"iceandfire:deathworm_chitin_white":1,"minecraft:redstone":82,"minecraft:arrow":3,"minecraft:hay_block":15,"minecraft:yellow_terracotta":1,"minecraft:gold_ingot":16,"minecraft:mutton":20,"minecraft:white_wool":10,"minecraft:skeleton_skull":6,"minecraft:rail":1,"born_in_chaos_v1:corpse_maggot":7,"born_in_chaos_v1:monster_flesh":4,"minecraft:leather":1,"minecraft:acacia_wood":1,"minecraft:oak_log":12,"minecraft:cobbled_deepslate_stairs":4,"minecraft:gunpowder":3,"enemyexpansion:scorpion_tail":1,"minecraft:paper":9,"minecraft:orange_terracotta":1,"minecraft:stone_bricks":9,"minecraft:kelp":1,"alexscaves:radrock":458,"minecraft:iron_ingot":3,"tombstone:bag_of_seeds":1,"minecraft:acacia_sapling":4,"minecraft:book":27,"minecraft:yellow_concrete":2,"minecraft:gravel":4,"minecraft:blast_furnace":1,"minecraft:white_bed":3,"minecraft:spider_eye":3,"ava:fn_fnc_dreamcatcher":1,"alexscaves:cave_map":1,"tombstone:magic_scroll":2,"minecraft:melon_seeds":3,"minecraft:coal":3}},"DataVersion":3465}